Australian Broadcasting Corporation,http://blogs.abc.net.au/sa/2015/04/city-of-adelaide-clipper-ship-tour.html
ABC News,https://gma.yahoo.com/blogs/abc-blogs/
About.com,http://humanresources.about.com/
Abril,http://www.enforex.com/culture/feria-abril.html
ABS-CBN News,https://www.facebook.com/ABSCBNNewsSupportGroup
Academia.edu,http://adelaide.academia.edu/
AccuWeather,http://www.windowsphone.com/en-in/store/app/accuweather-weather-for-life/92507698-67a2-e011-986b-78e7d1fa76f8
Acesse Corporation,http://www.bloomberg.com/article/2014-09-09/aP5TB7BRFpYs.html
Ad4Game.com,http://trafficsourcer.com/ad4game/
Ad6 Media,http://www.planetofthesanquon.com/2015/06/media-kit.html
ADAM4ADAM,http://httpshaming.tumblr.com/post/95305509296/adam4adam
Adcash,http://www.vayarasa.in/adcash-com-%e0%a4%aa%e0%a5%89%e0%a4%aa-%e0%a4%85%e0%a4%aa-%e0%a4%b5%e0%a4%bf%e0%a4%9c%e0%a5%8d%e0%a4%9e%e0%a4%be%e0%a4%aa%e0%a4%a8/
AddThis,http://www.beaconfire.com/blog/2011/02/comparison-of-sharethis-addthis-and-gigya-now-w-convio-integration/
AdFly,http://adfly.co/aD
AdMe.ru,http://www.hidewebsite.com/view/adme.ru
Adobe Systems Incorporated,https://doublethedonation.com/matching-gifts/Adobe-Systems-Incorporated
Automatic Data Processing Inc.,http://quotes.wsj.com/ADP/company-people
AdStage,http://mobilemarketingmagazine.com/adstage-twitter-multi-account-functionality
ADstruc,https://nz.finance.yahoo.com/news/adstruc-aims-reinvent-billboard-business-110000335.html
Adweek,http://talent.adweek.com/GabrielleRosenberg
Aeria Games & Entertainment,http://www.salarylist.com/company/Aeria-Games-Entertainment-Salary.htm
AeroFS,http://www.bsminfo.com/doc/aerofs-launches-first-docker-ized-enterprises-secure-collaboration-0001
Agoda,https://partners.agoda.com/en-us/contact-us.html
Ahrefs,http://www.sapeprovider.com/ahrefs-account/
AirAsia,https://ms.wikipedia.org/wiki/AirAsia
Airbnb,http://publicpolicy.airbnb.com/new-york-airbnb-community/
AirPR,http://www.coolsocial.net/sites/www/airpr.com.html
Bharti Airtel Ltd,http://bangalore.yellowpages.co.in/bharti-airtel-limited/bannerghatta-road/listing/7569555829
Alibaba.com,http://abcnews.go.com/topics/business/companies/alibaba-group.htm
ANT Financial,http://www.channelnewsasia.com/news/business/international/alibaba-s-ant-financial-v/1925008.html
Al Jaras Magazine | �ɯ��㯩 ����¯��_,http://fr.wikipedia.org/wiki/%C6%9C
Al Jazeera Media Network,http://rehmat1.com/2008/12/11/al-jazeera-pro-israel-arab-network/
Al Jazeera Channel - �������� ����¯_�_���� ����􁯦���_�_��,http://www.ndtv.com/world-news/al-jazeera-network-in-turmoil-is-now-the-news-760856
Allegro,http://www.allegrodvt.com/
AlloCin̩,http://hoverzoom.net/chrome/download.php
Allrecipes.com,http://www.themeredithstore.ca/p-282-allrecipes-subscription.aspx
AlMasry AlYoum,http://www.atlasnetasia.net/site/almasry-alyoum.com
AlterVista,http://www.alexa.com/siteinfo/altervista.org
Amarujala.com,http://missnorthindia.amarujala.com/
Amazon,http://rainforests.mongabay.com/amazon/
Amazon Web Services,https://www.drupal.org/project/aws
Ameba(��_�),http://photobucket.com/images/ameba#!
Americanas.com,https://www.pegadesconto.com.br/desconto/americanas/
American Express Company,http://en.wikipedia.org/wiki/Ameriprise_Financial
ANA.Japan,http://japan-attractions.jp/popculture/coffe-gacha-exhibition-pandas-ana/
Ancestry.com,http://en.wikipedia.org/wiki/Ancestry
Google Android News,https://support.google.com/?hl=en
Android Central,http://forums.getandroidgame.com/
AngelList,http://thenextweb.com/entrepreneur/2011/02/17/naval-ravikant-angellist-the-match-com-of-funding-interview/
Angie's List Inc.,https://brandfolder.com/angieslist
Anjuke Inc.,http://www.ecns.cn/business/2015/03-03/156455.shtml
Answers Corporation,http://www.prnewswire.com/news-releases/answers-corporation-to-participate-at-noble-financial-small-cap-conference-55945512.html
Auto.ru,http://www.m-auto.ru/
Aol Inc.,https://foursquare.com/v/aol-inc/4a78c5fff964a52063e61fe3
Apache Software Foundation,http://mail-archives.apache.org/
Apartment Therapy,http://www.amazon.ca/Apartment-Therapy-Eight-Step-Home-Cure/dp/0553383124
A+ (aplus.com),http://www.bbb.org/dallas/business-reviews/insurance-services/a-a-plus-insurance-svc-in-dallas-tx-90329233
Apple Inc.,http://seekingalpha.com/symbol/aapl
AppleDaily,https://www.zomato.com/perth/the-apple-daily-bar-eating-house-perth-cbd
AppNeta,http://finance.yahoo.com/news/appneta-announces-unique-saas-application-130000454.html
Apportable,http://www.webespy.com/website-reviews/apportable.com
Internet Archive,https://webarchive.jira.com/wiki/display/Heritrix/Heritrix
Otw_status,https://twitter.com/otw_status/lists/otw-tweets
Argaam FZ LLC,http://argaam.com.outerstats.com/
Argos,http://www.nectar.com/spend/argos.points
Armor Games,http://www.games.com/play/armorgames/kingdom-rush
Ars Technica,http://digg.com/source/arstechnica.com
As Baloncesto,http://issuu.com/search?q=baloncesto
Asana,https://chrome.google.com/webstore/detail/asana-extension-for-chrom/khnpeclbnipcdacdkhejifenadikeghk
AshleyMadison.com,http://blogs.wsj.com/moneybeat/2015/05/22/risky-business-for-ashleymadison-com/
Ask.com,http://about.ask.com/jobs/
Ask.fm,http://howtodelete.co/ask-fm-account/
AskmeBazaar,http://softeksuryapvtltd.askmebazaar.com/
AskMen.com,http://www.huffingtonpost.com/askmen/what-do-women-want-men-to_b_7546948.html
ASOS.com,http://dealspotr.com/asos
Asus,http://commercial.asus.com/
Atlassian,https://marketplace.atlassian.com/plugins/is.origo.jira.tempo-plugin
AT&T Inc.,https://www.stock-analysis-on.net/NYSE/Company/ATT-Inc
Audible Inc.,http://www.zoominfo.com/c/Audible-Inc/3358730
Autoblog,http://www.autoblog.gr/
Autodesk Inc.,https://play.google.com/store/apps/details?id=com.autodesk.autocadws&hl=en
Autohome Inc (NYSE: ATHM),http://www.themarketsdaily.com/analysts-evaluation-on-autohome-inc-nyseathm/11818/
AutoScout24.de,http://netfisher.com/autoscout24.de
Auto Trader UK,http://www.ebay.co.uk/sch/i.html?_nkw=autotrader
AutoTrader.com,http://trucks.autotrader.co.uk/
AVAST Software,http://www.techradar.com/downloads/avast-free-antivirus
The A.V. Club,http://www.classicalite.com/video/
AVG Technologies,http://www.nasdaq.com/symbol/avg
Avira,"http://www.pcmag.com/article2/0,2817,2394588,00.asp"
AVITO.ru,http://www.noticefree.ru/
AWeber Communications,http://emailresponderreviews.com/icontact.html
Axis Bank,http://mobile.axisbank.co.in/axisMobile.html
Azet.sk a.s.,http://minihry.azet.sk/?&idCat=11
AZLyrics,http://www.constitution.org/col/amazing_grace.htm
B5M,http://www.prolineracing.com/bodies/phantom-clear-body-b5m
Bab.la - Loving Languages,http://webstats7.net/babla.ru
BabyCenter,http://www.babycenter.com/
Babylon,http://translation.babylon.com/arabic/
Backpage,http://newjersey.backpage.com/
Backupify,http://community.spiceworks.com/pages/backupify
Badoo,http://www.isitdownrightnow.com/badoo.com.html
Deutsche Bahn,https://plus.google.com/109161662612679603661/posts
Baidu,https://twitter.com/baidu_
Balanced,http://www.smartdraw.com/balanced-scorecard/balanced-scorecard-software.htm
Bandcamp,https://miracleofsound.bandcamp.com/
Microsoft,http://www.google.com/finance?cid=358464
Banggood Official,http://www.loginto.org/banggood.com-login
Bank of America Corporation,http://corp.bankofamerica.com/business/smb
Bankrate Inc.,http://biz.yahoo.com/ic/59/59383.html
Barclaycard US,https://www.linkedin.com/title/director-at-barclaycard-us
Borders Group,http://www.wsj.com/articles/SB120599729662351473
Basecamp,https://github.com/basecamp/basecamp-classic-api
Bayt.com,http://en.wikipedia.org/wiki/Ahl_al-Bayt
Council of Better Business Bureaus,http://www.ocregister.com/articles/business-540237-bureau-better.html
BBC News,http://www.livewtv.com/news/bbcnews.htm
Bdnews24.com,http://livestream.com/bdnews24
Bed Bath & Beyond Inc.,http://247wallst.com/retail/2015/06/25/are-bed-bath-beyond-earnings-enough-for-investors/
Behance,http://99u.com/
University of California - Berkeley,http://datascience.berkeley.edu/
Best Buy Co. Inc.,http://csimarket.com/stocks/BBY-Return-on-Investment-ROI.html
Bet365,http://bettingprograms.com/bet365/
BGR Media LLC,https://bgr.com/
Dainik Bhaskar,http://company.naukri.com/dainik-bhaskar-jobs/index.html
Better Homes and Gardens,http://florida1st.bhgre.com/
B&H Photo,http://www.tripadvisor.com/ShowUserReviews-g60763-d7380426-r281697919-B_H_Photo-New_York_City_New_York.html
BibleGateway,https://www.apple.com/downloads/dashboard/search/biblegatewaysearchwidget.html
Big Cartel,http://thepreservation.bigcartel.com/
Bigpoint,https://legal.bigpoint.com/
BILD Digital GmbH & Co KG,https://www.phoenixcontact.com/
Billboard,http://billboardartproject.org/
IndiaIdeas,http://www.ideasforprofits.com/
BillGuard,http://www.gsb.stanford.edu/faculty-research/case-studies/billguard
Bit9,http://www.cio.com/article/2388055/security0/hacking-victim-bit9-blames-sql-injection-flaw.html
Bitauto Holdings Limited,http://www.investorguide.com/stock.php?ticker=BITA
BitBucket,http://www.networkworld.com/article/2231958/data-center/ddos-attack-against-bitbucket-darkens-amazon-cloud.html
Bitly,https://instagram.com/bitly/
The Business Journals,http://tabj.co.za/
Blackboard,http://fvtc.blackboard.com/
Black Hat World,http://comparecheapseopackages.com/black-hat-world-and-the-benefits-2/
Bleacher Report,http://www.vibe.com/2015/06/drake-spoof-bleacher-report-game-of-zones/
Blocket,http://momastore.org/webapp/wcs/stores/servlet/ProductDisplay_Blokket-Cellular-Signal-Blocker_10451_10001_162338_-1_26663_26666
Blog.com,http://blog.evernote.com/
Blogger,https://www.indiblogger.in/
Bloglovin',http://xlunamichelle.tumblr.com/bloglovin
Bloomberg,http://www.businessweek.com/video
Bluefin Labs,http://www2.technologyreview.com/tr50/bluefinlabs/
Bluehost,http://www2.technologyreview.com/tr50/bluefinlabs/
Bank of China,http://www.banksdaily.com/info/bank-china
Bodybuilding.com,http://www.exrx.net/Bodybuilding.html
Bondsy,https://github.com/bondsy
BongaCams,http://www.camsitecomplaints.com/reviews/bongacams/
Booking.com,http://www.irctc.com/displayServlet
BookMyShow,http://freekaamaal.com/discuss/Thread-home-page-offer-loot-bookmyshow-offer-get-rs-50-off-winpin
��_����_� BOOKS.COM.TW,http://www.betterworldbooks.com/
Boosted Boards,http://sickelectricboards.com/category/boosted-boards/
Bored Panda,http://www.viralnova.com/crazy-inventions/
Boston.com,http://www.yellowpages.com/boston-ma
Boundless,http://dict.hinkhoj.com/words/meaning-of-BOUNDLESS-in-hindi.html
Boursorama,http://www.www.serparchive.com/boursorama.fr
Box,http://boxbrown.com/
Boxbee,https://jobpile.wordpress.com/2015/06/19/part-time-customer-service-agent-boxbee-brooklyn-ny/
Banco Bradesco Sa,http://www.hoovers.com/company-information/cs/company-profile.Banco_Bradesco_SA.294a878ad3b224d4.html
Break Media,http://www.hollywoodreporter.com/news/break-media-new-regency-partner-571950
Breakthrough Behavioral,https://store.kobobooks.com/en-us/ebook/the-behavior-breakthrough
Breitbart News Network,https://www.facebook.com/Breitbart
BrightRoll,http://www.toastmasters.org/Find-a-Club/04191015-brightroll
Brit + Co,http://brittv.co.uk/
British Airways,https://www.domesticflights-southafrica.co.za/domestic-airlines/british-airways/
BT Group Plc,http://wn.com/BT_Group_plc
Bukalapak,http://bukalapak.com.outerstats.com/
Buscap̩,http://www.similarsites.com/site/yinli.com.ar
Business Insider,http://www.chron.com/technology/businessinsider/
Bustle,http://www.bustlecaffe.com/
BuzzFeed,http://www.postadvertising.com/2012/12/buzzfeed-native-advertising/
Byliner Inc.,https://about.me/gotwalt#!
California State Government,http://www.csus.edu/govt/
CafeMom,http://www.quora.com/CafeMom
Caijing Magazine,http://www.researchgate.net/publication/256018506_Caijing_Magazine_(A)
CAISSE D'EPARGNE,http://www.cyclingnews.com/news/caisse-depargne-to-end-cycling-sponsorship
Caixa Economica Federal,http://caixaeconomica.net/
Caixin Media,http://www.globaltimes.cn/content/722177.shtml
Cam4,http://www.cam4support.com/?/Knowledgebase/List
Cambridge University Press,http://essentials.cambridge.org/
Campaign Monitor,http://reviews.financesonline.com/p/campaign-monitor/
Canva,https://dailypost.wordpress.com/2015/06/10/canva-custom-headers/
Capital One,https://www.facebook.com/capitaloneuk/app_334443379979708?app_data=little-legends-ball-draw
Capital One 360,http://savedplus.com/accounts/capital-one-360
Captricity,http://www.indeed.com/cmp/Captricity-1
Care.com Inc.,http://www.nursescareinc.com/
CareerBuilder,https://www.pinterest.com/careerbuilder/
Cars.com,http://www.chevrolet.co.in/
CarWoo!,http://www.xconomy.com/san-francisco/2012/07/30/carwoo-steps-on-the-gas-pedal/
CBC,http://sportsday.cbc.ca/
CBS Television Studios,"http://www.indeed.com/q-CBS-Television-Studios-l-Los-Angeles,-CA-jobs.html"
CBS Local Media,http://tkmgdallas.com/index.php/392
CBS News,http://audienceservices.cbs.com/feedback/feedback.htm
CBS SportsLine,http://www.cbsnews.com/60-minutes/sports/
Comedy Central,http://www.youtube.com/user/ComedyCentralUK
China Construction Bank,http://eu.ccb.com/europe/en/index.html
Centers for Disease Control and Prevention (CDC),http://aspe.hhs.gov/datacncl/DataDir/cdc2.htm
Cdiscount,http://www.betadeals.com/bon-plan/tv-40-samsung-ue40h6240-smart-tv-3d-full-hd-299-99-cdiscount/
Ceneo,http://m.ceneo.pl/38009523
Centrum.cz,http://www.e-centrum.cz/
Change.org,http://www.unep.org/climatechange/
Chartbeat,http://www.quora.com/Chartbeat
Chartio,https://codingkilledthecat.wordpress.com/2013/05/10/please-dont-use-chartio-or-at-least-dont-follow-their-directions/
Chase,http://www.chasedoors.com/
Cheezburger Inc.,http://benhuh.com/
Chefkoch.de,http://www.bluemel-chefkoch.de/
Chess.com,http://www.chessfriends.com/
CNTV,https://archive.org/details/Petroglyph307CNTV-Antartico_Pt.1
Chicago Tribune,http://schools.chicagotribune.com/
China Daily,http://search.chinadaily.com.cn/
China Times,http://www.latimes.com/business/la-fi-uber-china-20150624-story.html
Chinaz.com,http://bm.chinaz.com/
CHIP,http://www.chipexpress.com/
The Chosunilbo,http://de.wn.com/Tai_Chi_lesson_with_Master_Wong
Houston Chronicle,http://www.fontbureau.com/gallery/newspaper/HoustonChronicle/
CINEMABLEND,http://www.bleedingcool.com/2013/12/04/new-trailer-for-pompeii-starring-game-of-thrones-kit-harington/
Cisco Systems Inc.,https://software.cisco.com/download/release.html?%2520mdfid=283062758&softwareid=282074348&release=OVA-9.1&rellifecycle=
CitiBank,http://www.latam.citibank.com/corporate/trinidad/index.htm
Citibank,http://www.latam.citibank.com/corporate/trinidad/index.htm
Citrix Online,http://www.bloomberg.com/research/stocks/private/snapshot.asp?privcapId=28358
Citidata,http://www.latimes.com/local/california/la-me-hackathon-20150607-story.html
Affiliate by Conversant-CJ,http://article.wn.com/view/2015/05/27/CJ_Affiliate_by_Conversant_Names_Waleed_AlAtraqchi_as_Next_P/
Clarin.com,http://www.concursodefotografiaperiodistica.clarin.com/
Clarity,http://clarity.org/
ClassDojo,http://www.chino.k12.ca.us/Page/7811
Clever Inc.,http://www.brightmeetscleverinc.com/about-us
ClickBank,http://www.cbengine.com/new-clickbank-products.cfm
Clipboard Inc.,http://www.freepatentsonline.com/y2013/0290828.html
ClipConverter.cc,http://www.scamadviser.com/is-clipconverter.cc-safe.html
ClixSense Inc.,http://clexsenseberlindo.blogspot.com/
CloudFlare Inc.,"http://www.hypestat.com/host/AS13335/CloudFlare,-Inc./518"
CNBC,http://powerlunch.cnbc.com/
CNET,http://www.cnet.org.mx/
CNN by Turner Broadcasting System Inc.,http://www.oyez.org/cases/1990-1999/1993/1993_93_44/
CNZZ,http://qhm1.cnzz.com/
Codecademy,http://external.codecademy.com/forum_questions/5589523a9113cb27620000be
Envato Market,http://contests.envato.com/remix/index.html
CodePen,https://en.support.wordpress.com/codepen-embeds/
Codeplex,http://watwp.codeplex.com/
The Code Project (www.codeproject.com),http://www.code-project.eu/category/regions/
Coinbase,http://coinbase-com.com/
Colingo,http://sur.ly/o/colingo.com/
CollegeHumor,http://www.businessinsider.com/college-humor-instagram-parody-2012-12
Columbia University in the City of New York,https://www.cuny.edu/
Comcast Corporation,http://quotes.wsj.com/CMCSA
Comcast Corporation,http://quotes.wsj.com/CMCSA
Commonwealth Bank of Australia,http://www.workingin-australia.com/move/commonwealth-bank-migrant-banking-ww
CommentCaMarche.net,http://www.commentcamarche.net/
CommonFloor.com,https://plus.google.com/102117528007166025595
Complex,http://esl.about.com/od/intermediatewriting/a/cplex_sentence.htm
COMPUTER BILD SPIELE,http://www.y8onlinegames.net/search/computer-bild-spiele-games.html
Conduit,https://pcsmarties.wordpress.com/methods-to-remove-conduit/
Constant Contact Inc.,http://seekingalpha.com/article/3284585-constant-contact-liveintent-deal-may-deliver-a-unique-vertical-and-defensive-platform
Consumer Reports,http://onlocation.consumerreports.org/new_car_preview/ford_edge.html
Cookpad Inc.,https://info.cookpad.com/en
Cornell University,https://twitter.com/cornell
Correios,http://www.opencart.com/index.php?route=extension/extension/info&extension_id=15299&filter_download_id=39&page=103
Corriere Della Sera,http://en.m.wikipedia.org/wiki/File:Corriere_della_Sera.svg
Cosmopolitan Magazine,http://www.fashionmodeldirectory.com/magazines/cosmopolitan-uk/
Costco Wholesale Corporation,http://quotes.wsj.com/COST
Couchsurfing,http://thesavvybackpacker.com/couchsurfing-advice/
CouponDunia,http://www.digit.in/internet/interview-sameer-parwani-founder-ceo-of-coupondunia-in-19729.html
Coupons.com,http://www.save.ca/
Coursera,http://fortune.com/tag/coursera/
Cox Communication Inc.,http://www.marketresearch.com/MarketLine-v3883/Cox-Communications-Mergers-Acquisitions-Partnerships-8639568/
Cozy,https://cozytea.wordpress.com/
CPM Rocket,http://www.mp3rocket.me/download_free.htm
Cracked.com,http://www.fullcracked.com/
Craft Coffee,http://www.tripadvisor.com/ShowUserReviews-g52219-d4833695-r282150507-FOG_FLAME_Craft_Coffee_and_Espresso_Bar-Bloomsburg_Pennsylvania.html
Craigslist,https://phoenix.craigslist.org/search/zip
Creative Market,http://dealspotr.com/creative-market
Cr̩dit Agricole,http://www.bbc.com/news/business-17137019
Credit Karma,http://creditreportgeh.com/get-my-credit-score-from-credit-karma
Cricbuzz.com,http://www.cricbuzz.desi/
Criteo,http://en.m.wikipedia.org/wiki/Criteo
Crowdbooster,http://www.pearltrees.com/u/11401302-crowdbooster-social-analytics
CrowdFlower,http://www.alexa.com/siteinfo/crowdflower.com
CrunchBase,http://crunchbasegrabber.codeplex.com/
Crunchyroll Inc.,http://www.reddit.com/r/crunchyroll
CSDN,http://img.my.csdn.net/
Chatman Design,http://www.facebook.com/WalkerChatmanPublishing
Ctrip,http://www.nasdaq.com/symbol/ctrp/stock-chart
CustomMade,http://custommade.bigcartel.com/?page=4
CVS Pharmacy,http://jobs.cvshealth.com/articles/pharmacy-technicians-jobs
Dagbladet,https://www.robtex.net/#!dns=dagbladet.no
Daily Kos,http://www.sitemeter.com/default.asp?action=stats&site=sm8dailykos
Daily Mail Online,http://www.charlestondailymail.com/
Dailymotion,http://www.apowersoft.com/free-dailymotion-downloader
E-Commerce China Dangdang Inc.,http://www.schaeffersresearch.com/content/news/2015/03/30/earnings-preview-conn's-inc-e-commerce-china-dangdang-inc-and-vitae-pharmaceuticals-inc-
DataXu,http://www.quora.com/DataXu/recent
Daum Communications Corp.,http://www.bigstory.ap.org/article/kakao-eyes-backdoor-listing-combining-daum
DAWN,http://www.goodreads.com/quotes/tag/dawn
Days by Wander,http://www.those-who-wander.com/
Mike Dussault,http://inagist.com/all/611001756252672000/
DealNews,http://feeltiptop.com/%2523Dealnews
Deezer,http://www.engadget.com/2015/05/19/deezer-podcasts-stitcher/
Delicious (Part of Science),http://www.metrolyrics.com/the-scientist-lyrics-coldplay.html
Dell,http://supportfordell.iyogi.com/
Delta Air Lines Inc.,http://www.superpages.com/bp/Atlanta-GA/Delta-Air-Lines-Inc-L2063848899.htm
Depositphotos,https://stacksocial.com/sales/depositphotos-up-to-1000-off-stock-photos-25
Detik.Com,http://www.detikindah.com/v2/?cat=140
DeviantART Inc.,http://thug-inc.deviantart.com/
DHgate.com,http://dealspotr.com/dhgate
Dhl,http://wap.dhl.com/track/tr_ENG.html
Dianping,http://technode.com/2011/04/26/dianping-raises-100-mln-1bln-valuation-postpones-ipo/
Digg,https://about.me/kevinrose#!
Digikala,https://plus.google.com/114978772083129303267/about
DigitalOcean,https://serverpilot.io/
Digital Trends,http://success.adobe.com/en/uk/programs/products/digitalmarketing/1401-30364-econsultancy-digital-trends.html
Diply,http://hum92-60.diply.com/
DirectREV,http://pcremovalcenter.net/fix/?thread=Directrev
DIRECTV,http://investor.directv.com/corporate-governance/elected-officers/default.aspx
Discogs,http://www.funkyspacemonkey.com/discographic-the-ios-discogs-app-youve-been-looking-for
Discover Financial Services,http://fortune.com/fortune500/discover-financial-services-303/
�_����_��Ќ��,http://nl.wikipedia.org/wiki/%D0%8C
National Broadcasting Company,http://www.abbreviations.com/term/135915
Disqus,http://rebootauthentic.com/disqus-comments-pull-plug/
Distractify,http://www.appmona.com/distractify.html
����⣋�_�⬋�ǋⵋ�_����_ʋ�_��ً�SP524,http://www.appmona.com/distractify.html
DMM.com,http://www.dmm.org/
DMV.ORG,http://www.ncdot.gov/dmv/driver/
Diligent Media Corporation,http://nishantratnakar.com/tag/diligent-media-corporation/
DNAnexus,http://www.reuters.com/article/2015/06/22/ca-dnanexus-idUSnBw225436a+100+BSW20150622
Docin,http://werkkoviestijat.elakkeensaajat.fi/
DomainTools,http://itools.com/tag/whois
Donanimhaber.com,http://steamcommunity.com/groups/donanimhaber
Donga.com,http://kor.donga.ac.kr/main.asp
Doodle,http://armorgames.com/play/6313/doodle-god
Dorkly,http://www.geeksaresexy.net/2014/07/25/dorkly-comic-people-you-see-at-every-nerd-convention/
�����_�ۯ����� ���㯴���į��������_,http://www3.ocn.ne.jp/~miotti/codepoint.html
Douban,http://alpha.douban.com/
DoubleClick,http://www.trendmicro.com/vinfo/us/threat-encyclopedia/malware/COOKIE_DOUBLECLICK
DouGuo.com,http://webinfo.reformal.ru/mapi.douguo.com/
Dpreview,https://twitter.com/dpreview/status/611843389013794816
Drchrono,http://techcrunch.com/2011/02/23/drchrono-makes-the-ipad-a-doctors-best-friend-in-the-exam-room/
Dreamstime,http://www.stockvault.com/
Dribbble,http://buildinternet.com/2010/11/using-the-dribbble-api-with-php/
Dropbox,http://www.macworld.com/article/1167023/dropbox_file_storage_and_syncing_service_is_always_evolving.html
Dropcam,https://www.yahoo.com/tech/why-i-love-my-dropcam-and-my-daughter-hates-it-76129613211.html
Drudge Report,http://www.drudgereportarchives.net/Article.php?ID=713009&
Drugs.com,http://www.centerwatch.com/drug-information/fda-approvals/
Drugstore.com,http://drugstorelove.com.au/
Drupal Project,http://www.zyxware.com/services/drupal-solutions
Dubizzle,http://www.youtube.com/user/dubizzle
DuckDuckGo,http://searchenginewatch.com/tag/duckduckgo
Duden,http://commons.wikimedia.org/wiki/Duden_-_Vollst%C3%A4ndiges_Orthographisches_W%C3%B6rterbuch_der_deutschen_Sprache
For Dummies,http://www.earnforex.com/forex-for-dummies
Duolingo,http://www.idigitaltimes.com/google-capital-invests-45-million-duolingo-co-founder-and-ceo-luis-von-ahn-talks-449708
DW,http://www.acronymfinder.com/Slang/DW.html
Deal Extreme,http://www.alexa.com/siteinfo/dealextreme.com
Electronic Arts Inc.,"http://jobs.monster.com/c-electronic-arts,-inc.aspx"
Earthlink Inc.,http://mobile.earthlink.net/
EasyJet,https://en.m.wikipedia.org/wiki/Easyjet
Ebates,http://www.greatpassiveincomeideas.com/how-to-get-free-money-swagbucks-ebates/
eBay Inc.,http://www.indeed.co.in/cmp/Ebay-Inc./reviews
_�___�_�_������ __��__ _�__��_�__��,http://www.indeed.co.in/cmp/Ebay-Inc./reviews
eCollege,https://twitter.com/ecollege
The Economist Group,http://www.theguardian.com/media/2011/nov/27/andrew-rashbass-economist-group-interview
U.S. Department of Education Office of Civil Rights,http://en.wikipedia.org/wiki/United_States_Department_of_Education
EDITD,http://www.zoominfo.com/p/Julia-Fowler/1544071728
Edmunds.com,http://www.michelleedmunds.com/
edX,http://dealspotr.com/edx
Eenadu,http://www.andhrawishesh.com/eenadu.html
Tenboro,http://archive.is/bPkGZ
eHow,http://www.howcast.com/videos/149055-How-to-Use-Twitter/
Elance,https://plus.google.com/+elance
El-Balad ���㯬���,http://www.lyngsat-logo.com/tvchannel/eg/Sada--El-Balad.html
Diario El Comercio,http://www.elperuano.com.pe/
El Confidencial,http://semanarioconfidencial.com/noticias/
Elegant Themes,http://www.themebin.com/windows-7-themes/elegant-glass-windows-7-theme/
Elevate Labs,http://elevatedmath.com/
Elfagr News,http://www.dalylak.com/00001/e/egypt.htm?7
Elite Daily,http://en.wikioffuture.org/Elite_Daily
�¯��_�� ���������¯_,http://en.wikioffuture.org/Elite_Daily
Elmundo.es,http://www.youtube.com/watch?v=BwXCm5ajHuI
El Nacional,http://www.washingtonpost.com/opinions/a-venezuelan-paper-gets-caught-in-the-states-repression-campaign/2014/12/13/a90eaf0c-8099-11e4-81fd-8c4814dfa9d7_story.html
El Pais,http://estudiantes.elpais.com/
Elsevier,http://conferences.elsevier.com/index.cfm
El Universal,http://twicsy.com/i/PrYxsi
ElWatan News\�¯��_�� ����������,http://www.mondovisione.com/media-and-resources/news/egyptian-exchange-response-to-what-was-published-in-elwatan-daily-newspaper/
Emirates,http://www.seatguru.com/airlines/Emirates_Airlines/Emirates_Airlines_Airbus_A380.php
Engadget,http://chinese.engadget.com/2015/06/18/dxo-one-camera
Ensonhaber.com,http://www.coolsocial.net/sites/www/i.ensonhaber.com.html
Entrepreneur Media,http://www.huffingtonpost.com/lynda-bekore/10-questions-for-meryl-moss-entrepreneur-and-media-expert_b_7453000.html
Envato,http://www.youtube.com/watch?v=2a-RRfXKeeA
E! Entertainment,http://www.locatetv.com/listings/e-entertainment-television
EBSCO,https://play.google.com/store/apps/details?id=com.ebsco.ehost&hl=en
EroAdvertising,http://urlm.co.uk/www.eroadvertising.co.uk
ESPN,https://mediadistribution.espn.com/
ESPNcricinfo,http://www.windowscentral.com/espncricinfo-updated
E*TRADE Financial Corporation,http://247wallst.com/banking-finance/2015/05/06/is-rekindled-etrade-buyout-chatter-more-realistic-ahead-of-2016/
Etsy,https://etsyclone.com/
Euclid,http://www.mathsisgoodforyou.com/people/euclid.htm
European Union,http://wwp.greenwichmeantime.com/time-zone/europe/european-union/
Eventbrite,https://tgbfridays.eventbrite.com/
Everlane,http://www.refinery29.com/everlane-catalog
Evernote,http://evernotedownload.myfileget.com/
Evite,http://epsaisite.com/birthday/birthday-evite-vector.html
Entertainment Weekly,http://simpsons.wikia.com/wiki/Entertainment_Weekly%27s_list_of_the_Top_25_episodes
EX.UA,http://iwebdb.net/ex.ua
Examiner.com,http://www.acfe.com/
Excite Japan,http://www.cnet.com/products/toshiba-excite-go/
ExoClick,https://www.imobitrax.com/how-to-setup-a-campaign-on-exoclick/
Expedia Inc.,http://www.lifeatexpedia.com/
Facebook Inc.,http://www.google.ca/finance?cid=296878244325128
Factual Inc,http://www.citysearch.com/profile/702509310/los_angeles_ca/factual_inc.html
Famo.us,http://demo.famo.us/famous-bird/
Fandango,http://www.grimfandango.net/downloads/soundtrack
FictionPress,https://en.wordpress.com/tag/fictionpress/
Fanpage.it,http://likealyzer.com/facebook/fanpage_it
Fanpop,http://www.britannica.com/topic/Hou-Ji
Fast Company,http://finance.yahoo.com/q?s=FAST
Fatakat.com,http://visitorsworth.com/www.fatakat.com
FatWallet Inc.,http://www.benedelman.org/affiliate-litigation/
FazendaGovBr,http://sgwebook.com/www/fazenda.gov.br
FC2,http://cafetane.web.fc2.com/
FedEx Corporation,http://www.bidnessetc.com/45529-earnings-whispers-fedex-corporation-fdx-and-oracle-corporation-orcl/
Feedly,http://apps.microsoft.com/windows/en-us/app/readiy/954f404a-c965-48d8-b540-1adec3da9fec
FetLife,http://en.wikipedia.org/wiki/Talk:FetLife
Fidelity Investments,https://www.fidelityworldwideinvestment.com/global/investing/default.page
Fiducia it AG,http://myip.ms/info/whois/195.200.38.136/k/453686569/website/www.tecdoc.de
FileHippo,http://unailatina.it/avi-player-filehippo.htm
FilmOn,http://www.broadcastingcable.com/news/next-tv/exclusive-filmon-suits-afl/141753
Filmweb,http://www.filmweb.pl/
FINN.no ��� Mulighetenes Marked,http://mobilweb6.finn.no/
Firstpost,http://apps.microsoft.com/windows/en-us/app/firstpost/e6956e76-ce13-4b01-aaad-5cb67b22aa83
Fishki,http://fishki.net/
Fitbit,http://dealspotr.com/fitbit
Fiverr.com,http://www.youtube.com/watch?v=2jZfK6FCiW4
Flat World Knowledge,http://www.youtube.com/watch?v=ASwwL5NTLuU
Flickr,http://www.zoo-m.com/flickr-storm/
Flightradar24,http://www.alexa.com/siteinfo/flightradar24.com
Flipboard Inc.,http://www.trademarkia.com/map/flipboard-77943719.htm
Flipkart,http://blog.flipkart.com/
Flipora,http://blog.teesupport.com/flipora-redirect-virus-static-flipora-comremove-static-flipora-browser-virus-permenantly/
Flirt4Free,https://flirt4freehack.wordpress.com/2014/04/12/flirt4free-hack/
Flurry Inc.,https://info.yahoo.com/press-center/article/yahoo-acquire-flurry-strengthen-mobile-203800723.html
Fnac,https://en-gb.facebook.com/FnacPortugal
FNB South Africa,https://celebrity.yahoo.com/video/south-africa-own-goals-seen-151235550.html
FOBO,http://www.nps.gov/fobo/index.htm
FOCUS Online,http://www.focusproject.org/focus-world-intro
Food.com,http://www.jamieoliver.com/recipes/
Food Network,http://www.foodrecoverynetwork.org/
Foodzie,http://www.planetshifter.com/node/122
The Motley Fool,http://www.amazon.com/Motley-Fool-Guide-Investing-Beginners-ebook/dp/B00VANT1DI
Forbes,http://forbes.tumblr.com/
Salesforce,http://www.facebook.com/salesforce
Forever 21,http://www.shopstyle.com/browse/dresses/Forever-21
Forge of Empires,http://forgeofempireshelper.com/
Formlabs,http://www.popularmechanics.com/technology/design/reviews/a8473/3d-printer-prizefight-makerbot-replicator-2-vs-formlabs-form-1-14731437/
Fortune Magazine,http://www.asianfortunenews.com/
Fotolia,https://itunes.apple.com/us/app/fotolia-instant/id674978883?mt=8
FotoStrana,https://itunes.apple.com/us/app/fotolia-instant/id674978883?mt=8
Foursquare,https://vimeo.com/foursquare
FOX News Network LLC,http://www.wipo.int/amc/en/domains/decisions/html/2005/d2005-0022.html
Fox Sports Interactive Media,http://www.freebase.com/m/09mfqrt
Friends of Free,http://www.imagehousing.com/friends/
Freelancer,http://www.thesaurus.com/browse/freelancer
Bryan Kelleher,http://www.platonia.com/papers.html
Freepik,http://freepik.es.pandastats.net/
FreshBooks,https://play.google.com/store/apps/details?id=com.freshbooks.android&hl=en
Freshplum,http://blogs.reuters.com/mediafile/2012/06/26/freshplum-takes-data-driven-approach-to-online-pricing/
Financial Times,http://podcast.ft.com/index.php?sid=45&pid=2808
FundersClub,http://www.myrtlebeachgolf.com/courses/founders-club/
Funny or Die,http://www.hasbrogames.com/en-us/product/funny-or-die:CA0F714B-5056-9047-F555-6ED29F1E62F2
Gaana,https://itunes.apple.com/us/app/gaana-unlimited-bollywood/id585270521?mt=8
GameFAQs,http://toysrus.com/buy/all-ps4-games/grand-theft-auto-v-for-sony-ps4-47452-42248336
Gameforge,https://billing.gameforge.com/index.php?page=start
GameSalad Inc,http://ezinearticles.com/?What-Is-Gamesalad?&id=6910312
GameSpot,http://www.escapistmagazine.com/news/view/116360-Jeff-Gerstmann-Explains-His-Departure-From-Gamespot
Gamestop Corporation,https://corporateshopping.com/employee-discounts/gamestop-corporation
Ganjiwang,http://ganjiwang.roboo.com/
Garanti Bankasi,http://press.bbva.com/bbva-to-acquire-a-24-9-stake-in-garanti-turkeys-leading-bank.html
Garmin International,http://www.bloomberg.com/research/stocks/private/relationship.asp?personId=654588&privcapId=4220911&previousCapId=3103383&previousTitle=BLUE%20VALLEY%20BAN%20CORP
Gawker Media,http://gizmodo.com/tag/gawker-media
Gazelle,http://www.outtoafrica.nl/animals/engthomsonsgazelle.html
Gazeta.Ru,http://www.en.gazeta.ru.ipaddress.com/
GazetaExpressTV,http://www.dailymotion.com/user/GazetaExpressTV/1
La Gazzetta Dello Sport,http://www.britannica.com/EBchecked/topic/227513/La-Gazzetta-dello-Sport
Geekatoo,http://www.prweb.com/releases/geekatoo/seedfunding/prweb12065352.htm
Gemius,http://www.audience.gemius.sk/
Genius,http://www.goodreads.com/quotes/tag/genius
Chef,http://fourhourchef.com/
Chute,http://www.freedictionary.org/?Query=chute
Pantheon,http://www.diffen.com/difference/Pantheon_vs_Parthenon
Pocket,http://www.pocket-lint.com/hub/phones
GetResponse,https://wordpress.org/plugins/getresponse-integration/
Gfycat.com,http://www.youtube.com/watch?v=LMn6hfbsef4
Gigwalk,http://realwaystoearnmoneyonline.com/2011/05/gigwalk-earn-money-with-your-iphone.html
Gilt.com,http://www.infoq.com/presentations/scale-gilt
GinzaMetrics,http://www.cio.com/article/2899794/ginzametrics-helps-marketers-get-more-bang-for-their-social-buck.html
Giphy,http://webtrends.about.com/od/Gifs/fl/Giphy-Is-the-Best-GIF-Search-Engine-on-the-Web.htm
GitHub Inc.,http://www.californiajobnetwork.com/j/t-technical-account-manager--enterprise-support-e-github-inc-l-san-francisco-ca-jobs-j12758557.html
GittiGidiyor,http://boardreader.com/domain/gittigidiyor.com
Gizmodo,http://lifehacker.com/5694699/gizmodos-gift-guides-updated
Glassdoor,http://www.techrepublic.com/article/glassdoor-report-the-gender-pay-gap-in-tech-is-still-a-problem/
GlobalTestMarket,http://www.consumercomplaints.in/?search=GLOBALTESTMARKET
Globo.com,http://meuperfil.globo.com/
Gmail by Google Inc.,https://www.scribd.com/doc/213599997/IN-RE-GOOGLE-INC-GMAIL-LITIGATION
Gmarket,https://www.robtex.net/#!dns=gmarket.com.sg
GURUNAVI,http://sadifanalytics.com/report/510665
GO.com,http://vacationstogo.com/
Goal.com,https://support.google.com/analytics/answer/1012040?hl=en
GoDaddy,http://tbwhs.com/godaddy-review/
GoFundMe.com,http://www.latimes.com/nation/la-na-gofundme-baltimore-cops-20150502-story.html
Gogobot,http://www.sonicbids.com/band/gogobot/
Goldbely,http://perks.urbandaddy.com/national/promotions/goldbely-holiday.html
GOME,http://earth.esa.int/workshops/ers97/papers/peeters3/
NTT���_��_��_���,https://twitter.com/nttcom
Goodgame Studios,http://en.m.wikipedia.org/wiki/Goodgame_Empire
Goodreads,http://www.zdnet.com/article/amazons-new-kindle-paperwhite-ramps-engagement-with-goodreads-integration/#!
Goodsie,http://fryemuseumstore.goodsie.com/
Google Inc.,http://news.google.com/
Tinder,http://www.youtube.com/watch?v=vEoFHZ5cz7U
Citrix GoToMeeting,http://www.youtube.com/user/gotomeeting
Citrix GoToWebinar,http://citrixonline.supportal.cs2.force.com/support/en_US/webinar/all_files/G2W010002
GrabCAD,http://beyondplm.com/2012/05/30/grabcad-3d-viewer/
Grantland,http://www.hollywoodreporter.com/live-feed/grantland-oscar-preview-includes-tv-772448
Envato Market,http://contests.envato.com/remix/index.html
Gravatar,http://ru.gravatar.com/support/
Greater Good Network,http://www.pr.com/press-release/225369
Grooveshark,https://github.com/sosedoff/grooveshark
Groupon Inc.,https://www.google.co.uk/finance?client=ob&q=NASDAQ:GRPN
GTmetrix,http://stackoverflow.com/questions/15457881/why-is-my-htaccess-rule-still-producing-gtmetrix-yslow-expire-headers-errors
GumGum,http://www.dmnews.com/news/gumgum-names-wise-svp-marketing/article/388428/
Gumtree.co.za - Gumtree South Africa an eBay Company,https://en-gb.facebook.com/gumtree
Gumtree.com,http://www.alexa.com/siteinfo/gumtree.co.za
Guokr,http://guokr.54114.com/
Gutefrage.net,https://about.me/lutz.staacke#!
Gyazo,http://www.nsaneforums.com/topic/243767-gyazo-23-the-easiest-way-to-capture-your-screen/
Haber 7,http://android.appzota.com/haber-7-213-145899.html
Haberler.com,http://www.google.com/
Haberturk,http://metro.co.uk/2015/06/18/david-ospina-on-verge-of-quitting-arsenal-for-fenerbache-transfer-5251843/
Habrahabr.ru,http://metro.co.uk/2015/06/18/david-ospina-on-verge-of-quitting-arsenal-for-fenerbache-transfer-5251843/
Hailo,http://www.hailo-windsystems.com/en/products/hailo-servicelifts.html
Hamariweb.com,https://www.robtex.net/?_escaped_fragment_=dns=hamariweb.com
Hammer & Chisel,http://www.mannesmann-demag.com/en/
Hangtime Inc.,http://www.buildzoom.com/contractor/hangtime-siding-and-guttering-inc
Hao123.com,http://soft.hao123.com/soft/appid/25511.html
Haraj,http://wikimapia.org/2433684/Souq-Al-Haraj-Najma
Harvard University,https://gis.harvard.edu/
Hatena,http://bkuma.hatena.ne.jp/
HDFC Bank,"http://www.indeed.co.in/Hdfc-Bank-jobs-in-Triplicane,-Tamil-Nadu"
HD Trade Services,https://www.google.com/?gws_rd=ssl
Health Magazine,http://www.prevention.com/health/
Healthline Networks,http://www.reuters.com/article/2008/02/12/idUS146357+12-Feb-2008+MW20080212
Heise Adressbuch Verlag GmbH & Co. KG,http://www.oeffnungszeitenbuch.de/filiale/Erfurt-Heise%2BAdressbuch%2BVerlag%2BGmbH%2B%2526%2BCo.KG-2422179S.html
Hepsiburada.com,http://visitorsworth.com/www.hepsiburada.com
HESPRESS,https://www.youtube.com/watch?v=3mdOH2Q_RQo
Heyday,http://www.last.fm/music/Mic+Christopher/_/Heyday
Heyzap,http://www.programmableweb.com/api/heyzap
HGTV,http://variety.com/t/hgtv/
HeadHunter,http://www.fontsquirrel.com/fonts/Headhunter
Hi5,http://pizces.hi5.com/
Hightail,http://www.inc.com/profile/hightail
Hilton Worldwide Holdings Inc.,http://markets.ft.com/research/Markets/Tearsheets/Forecasts?s=HLT:NYQ
Hindustan Times,http://www.shine.com/job-search/simple/hindustan-times/
Hinge,http://www.ebay.com/sch/i.html?_nkw=gate+hinge
Hipset,http://www.quora.com/How-does-hipset-com-grab-complete-facebook-posts
Hired Inc.,http://hiredmans.com/recipes/18141/chicken-with-rotini-pasta
Histas.com,http://www.uniquelyhostas.com/
Hitpost Inc.,http://www.fileheap.com/dbquery/1/trixie+bet
H&M Clothing Company,http://www.simon.com/mall/colorado-mills/stores/h-m
HollywoodLife.com,http://www.hachettebookgroup.com/features/somhl/index.html
The Hollywood Reporter,http://www.popsugar.com/celebrity/Emilia-Clarke-Hollywood-Reporter-April-2015-37152795
HomeAway Inc.,http://www.globenewswire.com/news-release/2015/05/28/739897/10136336/en/HomeAway-Inc-Expands-Presence-in-Middle-East-Market-with-Investment-in-Turkey-based-Flat4Day.html
Home Depot Inc. (the),http://topics.nytimes.com/top/news/business/companies/home_depot_inc/index.html
Homejoy,http://www.youtube.com/channel/UCGfv4iC0TKzqpl_IZtVPD6w
Hongkiat.com,http://dryicons.com/custom-services/
HootSuite,https://feedback.hootsuite.com/forums/125623-hootsuite-app-directory?session_token=baf6460506ef7bbcbafc2f8c40aa2cbb
HostGator,https://feedback.hootsuite.com/forums/125623-hootsuite-app-directory?session_token=baf6460506ef7bbcbafc2f8c40aa2cbb
Hotels.com,http://www.tripadvisor.com/
HotUKDeals,http://paper.li/f-1329246986#!tag-students
Hotwire,http://battlefield.wikia.com/wiki/Hotwire
Housing.com,http://www.housing.nsw.gov.au/
Houzz,http://techcrunch.com/tag/houzz/
HowStuffWorks,http://www.goftavard.gq/c/How+IDE+Controllers+Work+-+HowStuffWorks+-+Computer/
How-To Geek,https://www.geeks.com/
Hewlett-Packard Company,http://www.marketwatch.com/investing/stock/HPQ/news
H&R Block Inc.,http://www.magicdiligence.com/stocks/HRB
HSBC,http://markets.ft.com/research/Markets/Tearsheets/Summary?s=HSBA:LSE
Huaban.com,http://www.tripadvisor.com/Attraction_Review-g1152487-d1814236-Reviews-Huaban_Caishi_Scenic_Resort-Rongcheng_Shandong.html
HubPages,https://twitter.com/hubpages
HubSpot,http://help.hubspot.com/?q=paypal
The Huffington Post,http://newstrust.net/sources/huffington_post
Hullabalu,https://en.wiktionary.org/wiki/hullabaloo
Hulu,http://www.reddit.com/r/Hulu/
Humble Bundle,https://www.cheapassgamer.com/topic/322290-humble-megathread-nintendo-indie-bundle-relic-weekly-artifex-mundi-mobile-steam-idwtop-shelf-comics/
Hupu,http://voice.hupu.com/nba
Hurriyet,http://kirc.pk/target-killing-of-hurriyet-workers/
Hurriyetemlak.com,http://www.uygulamalar.com/hurriyet-emlak/
International Business Machines Corporation,http://www.hbs.edu/faculty/Pages/item.aspx?num=26787
International Business Times,http://www.nytimes.com/pages/business/index.html
ICICI Bank,http://www.morningstar.in/stocks/0p0000bg8r/bse-icici-bank-ltd/equity-research.aspx
iCIMS,http://careers-s-3.icims.com/
Apple Inc.,http://seekingalpha.com/symbol/aapl
ICONOSQUARE,http://imgfave.com/view/5950509
ID.net,http://tru-id.net/
Idealista.com,http://www.lulu.com/shop/mario-bartolini/ultimo-atto-di-un-idealista/ebook/product-22227878.html
Idealo Internet GmbH,http://www.myappwiz.com/home/appdetail?platform=Android&appID=de.idealo.android&refer=fromSimilar&name=idealo+Price+Comparison
iDNES.cz,http://kultura.idnes.cz/televize.aspx
Institute of Electrical and Electronics Engineers (IEEE),http://ieeeweb.tamu.edu/
Phoenix New Media Limited,http://www.dailyfinance.com/quote/nyse/phoenix-new-media-limited-adr/feng
I Fucking Love Science,http://io9.com/science-tv-renaissance-to-continue-with-i-fucking-love-1540651013
iG - Publicidade E Conte̼do LTDA,http://turismo.ig.com.br/destinos-nacionais/
IGN Entertainment,http://www.pvgcasters.com/?1vn5
iHerb Inc.,https://twitter.com/iherb
IHG Rewards Club,https://www.linkedin.com/grp/home?gid=1879036
IJ Review,http://dev4.ijreview.com/
IKEA Group,http://www.bloomberg.com/quote/IKEA:AV
Il Fatto Quotidiano,http://pxhst.co/pictures/3546726
Ilmeteo Srl,http://playboard.me/android/apps/com.ilmeteo.android.ilmeteo
Il Sole 24 Ore Google+,http://stream24.ilsole24ore.com/
Iltalehti (IL-Media),http://annualreview2013.almamedia.com/investors/annualreview/2013/business-segments/
Image Fap,http://mactaylor14.my-place.us/
ImageTwist,http://tuningpp.com/vladmodels-tanya-garrett/img102.imagetwist.com*th*05872*mmca3a91f94t.jpg/www.justjailbait.us*vladmodels*vladmodelstanyacustomgarrettset1*/
IMDb.com,http://www.250films.net/
Imgur,http://mashable.com/category/imgur/
Iminent,http://regrunreanimator.com/research/browser-toolbar/iminent-toolbar.htm
ImmobilienScout24,http://www.immo-api-agentur.de/
Impress,http://www.howtoimpressagirlz.com/
In.com,http://as.ori.nic.in/neworiweb/
Inc. Magazine,http://magagenie.com/inc-magazine/
Indeed,http://bh.indeed.com/jobs
Independent,http://theindependent.ca/
Index.hu,http://www.wga.hu/frames-e.html?/index-hu.html
India.com ( JV Zee Entertainment Enterprises Private Limited and Penske Media Corporation),http://www.indiamart.com/den-networks-ltd/aboutus.html
Indiamart Intermesh Limited,http://www.divjyotchemicals.in/
The Indian Express,http://www.cleartrip.com/flight-booking/air-india-express-airlines.html
Indiatimes.com,http://masti.indiatimes.com/
Indiegogo,http://www.bloomberg.com/research/stocks/private/snapshot.asp?privcapId=99618457
Infobae,http://es.wikipedia.org/wiki/Infobae
Informer Technologies,http://softadvice.informer.com/
InfoSpace,http://search.infospace.com/search/images
Infusionsoft,https://www.facebook.com/Infusionsoft
ING Nederland,https://trade.ing.nl/
INK361,http://www.marketwired.com/press-release/ink361-launches-picattoo-fastbook-us-bring-printable-instagram-tattoos-photo-books-local-1984985.htm
InMotion Hosting,https://www.webhostinghero.com/
Inquirer.net,http://risingstars.inquirer.net/ph/
Inquisitr Ltd.,http://www.recreationalflying.com/threads/norad-scrambles-fighter-jets-to-investigate-unresponsive-aircraft-the-inquisitr.123675/
Instagram,http://webtrends.about.com/od/prof4/a/What-Is-Instagram-Wiki.htm
Instructables,https://www.pinterest.com/pin/469781804849873821/
Instructure,https://westshore.instructure.com/
Intel,http://blogs.intel.com/intellabs/
Interia,http://photobucket.com/images/interia#!
Internethaber.com,https://www.apple.com/
InternMatch,http://www.alexa.com/siteinfo/internmatch.com
Interpark,http://www.interparkgreen.com/GreenParking.aspx
Intuit Inc.,https://pro.turbotax.intuit.com/
Investing.com,http://beginnersinvest.about.com/od/investing101/
Investopedia,http://www.slideshare.net/ManishaAwan/investopedia
Io9,http://wwww.kinja.com/
Indian Premier League | IPL,https://fantasy.iplt20.com/
iQiyi,http://api.t.iqiyi.com/
IRCTC Limited,http://www.irctconline.in/qa/279/irctc-login-page-registration
Internal Revenue Service (IRS),http://www.law360.com/agencies/internal-revenue-service
Issuu,http://www.youtube.com/watch?v=PP0E52J8ng0
iStock,http://sourceforge.net/projects/istock09/
IT168,http://personal.it168.com/
Ita̼ Unibanco,http://personal.it168.com/
ITmedia Inc.,http://griffinit.com/
Jabong.com,http://coupons.mysmartprice.com/stores/jabong-coupons-3
Jagran,http://www.moneycontrol.com/india/stockpricequote/media-entertainment/jagranprakashan/JP12
Jalopnik,http://gawker.com/gawker-gift-guide-jalopnik-edition-1481122127
JAVA,https://twitter.com/java
J.C. Penney Company Inc. Holding Company,http://www.hotstocked.com/officers/j/joanne-l-bober-21367.html
J. Crew Group,http://www.reuters.com/article/2015/06/04/jcrew-earnings-idUSnPnDJddn+58+PRN20150604
JD.com Inc.,https://sg.finance.yahoo.com/q/h?s=JD&t=2015-05-14T04:19:18-04:00
Jetpac,http://rare.wikia.com/wiki/Jetpac
Jeuxvideo.com,http://www.twitch.tv/officiel_jvcom
Karrueche Tran,http://www.youtube.com/watch?v=llPu8UPZwjs
Jimdo,http://www.gazademo.jimdo.com/
Jobrapido,http://www.jobsearch.gov.au/
Jobstreet.com,http://myjobstreet.jobstreet.co.in/home/help.php?x=&t=6&site=sg
Joomla,http://joomla.en.softonic.com/
jQuery Project,https://www.udemy.com/projects-in-javascript-jquery/
China Finance Online Co. Limited,http://www.investorguide.com/stock.php?ticker=JRJC
JSFiddle,http://visualstudiomagazine.com/articles/2012/01/10/easy-web-development-with-jsfiddle.aspx
JUGEM������,http://visualstudiomagazine.com/articles/2012/01/10/easy-web-development-with-jsfiddle.aspx
Junglee,https://play.google.com/store/apps/details?id=com.junglee.app
Justdial Ltd,https://play.google.com/store/apps/developer?id=Just+Dial+Ltd.
JVZoo - Affiliate Network,http://marketingmayhemlive.com/
Kakaku.com,http://www.jta.or.jp/member/keiyu/kakaku.php
KapanLagi.com,http://komunitas.kapanlagi.com/humor/
