Kapook!, http://kapook.com,
KASKUS Networks, http://kaskus.co.id,
Kaspersky Lab, http://kaspersky.com,
KAYAK, http://www.kayak.com,
Kelley Blue Book, http://kbb.com,
KDDI Corporation, http://kddi.com,
KeepVid, http://keepvid.com,
Khan Academy, http://www.khanacademy.org,
KickassTorrents, http://kickass.to,
Kicker LIVE-Ticker, http://kicker.de,
Kicksend, http://kicksend.com,
Kickstarter, http://www.kickstarter.com,
Kijiji an eBay Company, http://kijiji.ca
KinoPoisk, http://kinopoisk.ru,
Kinvey, http://www.kinvey.com,
Kitchensurfing, http://www.kitchensurfing.com,
Kitchit, http://www.kitchit.com,
Klout, http://klout.com,
Kmart Corporation, http://kmart.com,
Kohl's Corporation, http://www.kohls.com,
Kompas.com, http://kompas.com,
Konga Online Shopping Limited, http://konga.com,
Kongregate, http://kongregate.com,
Kooora.com, http://kooora.com,
Korabia.com - �����������_��, http://korabia.com,
Kotaku, http://kotaku.com,
______��_______Ȅ΄�_�_��� _ل�_�___�_�, http://kp.ru,
KSL 5 TV & KSL NewsRadio, http://ksl.com,
La Banque Postale, http://labanquepostale.fr,
La Nacion, http://lanacion.com.ar,
Alberto Ravell, http://lapatilla.com,
Last.fm, http://last.fm,
LastPass, http://lastpass.com,
Los Angeles Times Media Group, http://www.latimes.com,
LaunchRock, http://launchrock.co,
Lazada Group, http://www.lazada.com,
LeadGenius, https://leadgenius.com,
LeadPages, http://www.leadpages.net,
Leaky, http://leaky.com,
LeBoncoin.fr, http://leboncoin.fr,
Le Figaro, http://lefigaro.fr,
Legacy.com Inc., http://www.legacy.com
The LEGO Group, http://lego.com,
Le Monde, http://lemonde.fr,
Lenovo, http://www.lenovo.com,
Lenta.Ru, http://lenta.ru,
Le Parisien, http://leparisien.fr,
L'EQUIPE, http://lequipe.fr,
LE TOTE, http://www.letote.com,
Le Vision Pictures, http://www.letv.com,
Lever Inc., https://lever.co
LG Electronics, http://lg.com,
Libero Srl, http://libero.it,
Lifehack, http://lifehack.org,
Lifehacker, http://lifehacker.com,
LightInTheBox.com, http://www.LightInTheBox.com,
Twice, https://www.liketwice.com,
Line Euro-Americas Corp., http://line.me,
Linio M̩xico, http://linio.com.mx,
LinkedIn Corporation, http://www.linkedin.com,
LInternaute.com, http://linternaute.com,
Liputan6.com, http://liputan6.com,
LittleThings.com, http://www.littlethings.com,
Microsoft, http://live.com,
Livedoor, http://livedoor.com,
Live Internet, http://liveinternet.ru,
Jasmin TV, http://livejasmin.com,
LiveJournal, http://www.livejournal.com,
LiveLeak, http://liveleak.com,
Lovely, http://livelovely.com,
LiveScore, http://livescore.com,
Livestream, http://www.livestream.com,
Livestrong Foundation / Demand Studios, http://livestrong.com,
LivingSocial, http://livingsocial.com,
Lloyds Bank, http://lloydsbank.co.uk,
LockerDome, http://lockerdome.com,
Locu Inc., http://locu.com
Logitech, http://www.logitech.com,
Lonely Planet, http://lonelyplanet.com,
Lowe̢���s, http://www.lowes.com,
Lumos Labs (Lumosity), http://www.lumosity.com,
Lynda.com, http://www.lynda.com,
MacKeeper, http://mackeeper.com,
Mackolik.com, http://mackolik.com,
MacRumors, http://macrumors.com,
Macy's, http://macys.com,
Mafengwo, http://mafengwo.cn,
Magicbricks.com, http://magicbricks.com,
Mail.com, http://www.mail.com,
Mail.Ru Group, http://www.mail.ru,
Mailbox, http://mailboxapp.com,
MailChimp, http://mailchimp.com,
MakeMyTrip.com, http://www.makemytrip.com,
MakeUseOf.com, http://makeuseof.com,
Manorama Online, http://manoramaonline.com,
Manta, http://manta.com,
MapQuest, http://www.mapquest.com,
Marca, http://marca.com,
MarketWatch, http://marketwatch.com,
Marktplaats.nl, http://www.marktplaats.nl,
Marriott International, http://www.marriott.com,
Mashable, http://www.mashable.com,
�ɯ��������_ Masrawy, http://masrawy.com,
Match.com, http://www.match.com,
Mayo Clinic Rochester, http://www.mayoclinic.org,
mBank Polska, http://mbank.com.pl,
McAfee, http://www.mcafee.com,
MediaFire, http://www.mediafire.com,
Mediaplex, http://www.mediaplex.com,
Mediaset, http://mediaset.it,
Medium, http://medium.com,
Meetup, http://www.meetup.com,
Mega, http://mega.co.nz,
MEGOGO.NET, http://megogo.net,
Meituan.com, http://meituan.com,
MensXP, http://mensxp.com,
Mental Floss, http://mentalfloss.com,
MercadoLibre Inc., http://www.mercadolibre.com
MercandoLivre.com, http://mercadolivre.com.br,
Mercola.com, http://mercola.com,
MetaCritic, http://metacritic.com,
Metro, http://metro.co.uk,
MetroLyrics, http://www.metrolyrics.com,
MGID Inc., http://www.mgid.com,
Xiaomi, http://www.mi.com,
Mic, http://mic.com,
Microsoft Corporation, http://www.microsoft.com,
Microsoft Store, http://microsoftstore.com,
MightyText, http://mightytext.net,
MilAnuncios.com, http://milanuncios.com,
Milliyet, http://milliyet.com.tr,
Miniclip, http://miniclip.com,
MiniInTheBox.com, http://miniinthebox.com,
Mint.com, http://www.mint.com,
MIRROR.CO.UK, http://mirror.co.uk,
Massachusetts Institute of Technology, http://mit.edu,
MixRank, http://mixrank.com,
Major League Baseball, http://mlb.com,
Mobile.international GmbH, http://mobile.de,
Moneycontrol.com, http://moneycontrol.com,
MoneySavingExpert.com, http://moneysavingexpert.com,
Monografias.com, http://monografias.com,
Monster, http://www.monster.com,
The Motherless Team, http://motherless.com,
Motion Math, http://www.motionmathgames.com,
Moviepilot Inc., http://moviepilot.com,
Moz, http://www.moz.com,
Mozilla, http://www.mozilla.org,
Msn by Microsoft, http://www.msn.com,
MSNBC, http://msnbc.com,
Mtime.com, http://mtime.com,
MTS Group, http://mts.ru,
Darshita Shah, http://mtsindia.in,
MTV Networks, http://www.mtv.com,
Mitsubishi UFJ Financial Group, http://mufg.jp,
Munchery, http://munchery.com,
_�._�_�_�_�__, http://mvideo.ru,
MyAnimeList, http://myanimelist.net,
Mydala, http://mydala.com,
MyFitnessPal, http://www.myfitnesspal.com,
Mynavi, http://mynavi.jp,
Mynet, http://mynet.com,
Myntra.com, http://www.myntra.com,
MySmartPrice, http://mysmartprice.com,
MySpace, http://myspace.com,
MySQL, http://www.mysql.com,
MyWay, http://myway.com,
N11.com, http://n11.com,
Naij.com, http://naij.com,
Nairaland Forum, http://nairaland.com,
Namecheap Inc, http://namecheap.com
NASA - National Aeronautics and Space Administration, http://www.nasa.gov,
National Geographic, http://www.nationalgeographic.com,
The National Lottery, http://national-lottery.co.uk,
Nature Publishing Group, http://nature.com,
NatureBox, http://www.naturebox.com,
Naukri.com, http://www.naukri.com,
NBA, http://nba.com,
NBC, http://nbc.com,
NBC News, http://nbcnews.com,
NBC Sports, http://nbcsports.com,
NDTV Limited, http://ndtv.com,
Neobux, http://neobux.com,
NeoGAF, http://www.neogaf.com,
NESN, http://nesn.com,
Netflix Inc., http://www.netflix.com
NetShoes, http://netshoes.com.br,
Netsuite Inc, http://www.netsuite.com,
Newegg, http://newegg.com,
NewHound, http://www.NewHound.com,
News.com.au, http://news.com.au,
News24, http://news24.com,
Newsnow Publishing Limited, http://newsnow.co.uk,
The New Yorker, http://newyorker.com,
Nextdoor Inc., http://www.nextdoor.com
Nexus Sites, http://nexusmods.com,
National Football League, http://www.nfl.com,
National Hockey League, http://nhl.com,
Niwango, http://nicovideo.jp,
@nifty, http://nifty.com,
National Institutes of Health (NIH), http://nih.gov,
Nike Inc., http://www.nike.com
Nikkei, http://www.nikkei.com,
Nikkei BPnet, http://nikkeibp.co.jp,
Ning, http://www.ning.com,
National Oceanic and Atmospheric Administration (NOAA), http://noaa.gov,
Nomi, http://www.nomi.com,
Nordstrom Inc., http://www.nordstrom.com
Norton, http://norton.com,
L'Obs, http://nouvelobs.com,
Novinky.cz, http://novinky.cz,
Matt Kan, http://nownews.com,
NPR, http://npr.org,
NRK.no, http://nrk.no,
NTT DOCOMO Inc, http://www.nttdocomo.co.jp
N-tv, http://n-tv.de,
NU.nl, http://nu.nl,
NudeVista.com, http://nudevista.com,
Nuzzel, http://nuzzel.com,
Eric T. Schneiderman, http://ny.gov,
Daily News, http://nydailynews.com,
New York Magazine, http://nymag.com,
New York Post, http://nypost.com,
The New York Times, http://nytimes.com,
Portal O2.pl, http://o2.pl,
oDesk, http://www.odesk.com,
Office Depot, http://officedepot.com,
Ohozaa Dotcom, http://ohozaa.com,
OkCupid, http://www.okcupid.com,
OKpanda, http://okpanda.com,
��_��_��_��_����ǋ�_�����⋁���ҋ����ċ�ҋ����_��㋁���ċ��, http://okwave.jp,
OLX, http://www.olx.com,
Onedio Bili��im Yaz��l��m Medya Teknoloji A�_, http://onedio.com,
Oneindia News, http://oneindia.com,
OnePlus, http://oneplus.net,
Onet.pl, http://onet.pl,
Onliner.by, http://onliner.by,
OpenSky, http://opensky.com,
OpenSooq, http://opensooq.com,
Subtitles - OpenSubtitles.org, http://opensubtitles.org,
OpenTable, http://opentable.com,
Oracle Corporation, http://oracle.com,
Orange France, http://orange.fr,
Orbitz Worldwide Inc., http://www.orbitz.com
Origami Labs, https://origami.com,
OTOMOTO.pl, http://otomoto.pl,
Otto, http://otto.de,
Outbrain, http://www.outbrain.com,
Overblog, http://over-blog.com,
Overstock.com Inc., http://www.overstock.com
OwnLocal, http://ownlocal.com,
Oyster Inc., http://oysterbooks.com,
OZON.ru, http://www.ozon.ru,
PagesJaunes, http://pagesjaunes.fr,
PandaWhale, http://pandawhale.com,
Pandora Media Inc., http://www.pandora.com
Pantip.com, http://pantip.com,
Pastebin, http://pastebin.com,
Patch.com, http://patch.com,
Path, http://path.com,
Patheos Inc., http://www.patheos.com
Payoneer, http://www.payoneer.com,
PayPal, http://www.paypal.com,
Paytm, http://paytm.com,
PBS, http://pbs.org,
PC Gamer, http://pcgamer.com,
Publishers Clearing House, http://pch.com,
PCMag, http://pcmag.com,
Pacific Online Ltd. (hong Kong), http://www.pconline.com.cn,
PCWorld Communications, http://pcworld.com,
PEOPLE Magazine | PEOPLE.com, http://people.com,
People's Daily, http://people.com.cn,
PerezHilton.com, http://perezhilton.com,
PhoneArena, http://phonearena.com,
Photobucket, http://www.photobucket.com,
PHP, http://php.net,
PicMonkey, http://picmonkey.com,
Picplum, https://www.picplum.com,
Picturelife Inc., https://picturelife.com
Pingdom, http://pingdom.com,
Pinterest Inc., http://www.pinterest.com
Piriform, http://piriform.com,
Pixabay, http://pixabay.com,
Pixiv Inc., http://pixiv.net,
Pixlr, http://pixlr.com,
PIXNET Digital Media Corporation, http://pixnet.net,
Placester Inc., http://placester.com
Plarium, http://plarium.com,
Playboy, http://www.playboy.com,
PlayBuzz, http://www.playbuzz.com,
Draft, http://playdraft.com,
PlayStation, http://playstation.com,
Plum District, http://www.plumdistrict.com,
Plurk Inc., http://plurk.com,
PNC Financial Services Group Inc. (the), http://www.pnc.com
Plentyoffish, http://pof.com,
Pogo.com, http://www.pogo.com,
Politico, http://www.politico.com,
Polygon, http://polygon.com,
Polyvore, http://polyvore.com,
POPMOG, http://popmog.com,
POPSUGAR, http://popsugar.com,
Poptip, http://poptip.com,
PORN.COM, http://porn.com,
Pornhub, http://pornhub.com,
PornTube, http://porntube.com,
Portal Educa������o, http://portaleducacao.com.br,
Postbank, http://postbank.de,
Poste Italiane, http://poste.it,
Postmates, http://www.postmates.com,
Precog, http://precog.com,
Premier League, http://premierleague.com,
Prezi, http://prezi.com,
Priceline.com, http://www.priceline.com,
PriceMinister, http://priceminister.com,
PrimeWire / 1Channel, http://primewire.ag,
PrivatBank, http://privatbank.ua,
Scan Inc., http://scan.me,
Private Home Clips, http://privatehomeclips.com,
LightShot, http://prntscr.com,
ProBoards, http://proboards.com,
T̩l̩-Loisirs, http://programme-tv.net,
Prothom Alo, http://prothom-alo.com,
Proto Thema S.A., http://protothema.gr,
Pennsylvania State University\u002dPenn State Mont Alto, http://psu.edu,
PublishThis, http://www.publishthis.com,
Qualtrics, http://www.qualtrics.com,
Quarterly Co., http://quarterly.co,
Quikr India Pvt Ltd, http://www.quikr.com,
Quizlet, http://quizlet.com,
Qunar.com, http://www.qunar.com,
Quora, http://www.quora.com,
QVC, http://qvc.com,
Quartz, http://qz.com,
Portal R7, http://r7.com,
Rackspace, http://www.rackspace.com,
Radikal.com.tr, http://radikal.com.tr,
Rakuten, http://www.rakuten.co.jp,
Rakuten.com, http://rakuten.com,
Rambler, http://www.rambler.ru,
Ranker, http://www.ranker.com,
Rappler, http://rappler.com,
_�_�__, http://rbc.ru,
Royal Bank of Canada, http://rbcroyalbank.com,
Realestate.com.au, http://realestate.com.au,
Realtor.com, http://realtor.com,
Reclame Aqui, http://reclameaqui.com.br,
Redbox, http://www.redbox.com,
Reddit Inc, http://reddit.com,
Redfin, http://redfin.com,
Rediff.com India Limited-ADR(REDF:US)., http://www.rediff.com,
RedTube Emma, http://redtube.com,
Dictionary.com, http://reference.com,
Refinery29 Inc., http://www.refinery29.com
Recreational Equipment Inc., http://rei.com
Reimage, http://reimageplus.com,
Remind, http://www.remind.com,
R̩nr̩n Li��nh̩ Holdings, http://www.renren.com,
Rent the Runway, http://www.renttherunway.com,
La Repubblica, http://www.repubblica.it,
ResearchGate, http://www.researchgate.net,
RetailMeNot Inc., http://www.retailmenot.com
Retention Science, http://www.retentionscience.com,
Reuters Financial Software, http://reuters.com,
ReversoEN, http://reverso.net,
Rossiyskaya Gazeta, http://rg.ru,
RIA Novosti, http://ria.ru,
Rightmove.co.uk, http://rightmove.co.uk,
Roblox, http://www.roblox.com,
��_�ⱋ�ċ����܋Ĵ��_��_24, http://rocketnews24.com,
Rockstar Games, http://RockstarGames.com,
Rolling Stone Magazine, http://www.rollingstone.com,
Romotive, http://romotive.com,
Rotten Tomatoes, http://www.rottentomatoes.com,
Rozetka.ua, http://rozetka.com.ua,
RT Web Team, http://rt.com,
RTVE, http://rtve.es,
Ryanair, http://www.ryanair.com,
Sabah Gazetesi, http://sabah.com.tr,
Sabq News, http://www.sabq.org,
Sahadan.com, http://sahadan.com,
Sahibinden.com, http://www.sahibinden.com,
Sakshi News, http://sakshi.com,
SAKURA Internet, http://sakura.ne.jp,
Salesforce, http://www.salesforce.com,
Salon Media Group Inc., http://www.salon.com
Samanyoluhaber.com, http://samanyoluhaber.com,
Sam's Club, http://samsclub.com,
Samsung Electronics, http://samsung.com,
Sanook Online Limited, http://sanook.com,
Sape, http://sape.ru,
SAPO.pt, http://sapo.pt,
SaraminHR, http://saramin.co.kr,
Saygent, http://www.saygent.com,
Sberbank, http://sberbank.ru,
Sb Nation, http://www.sbnation.com,
Charles Schwab, http://www.schwab.com,
ScienceDirect, http://sciencedirect.com,
Science Exchange, http://scienceexchange.com,
Scoop.it, http://scoop.it,
ScoopWhoop Media Pvt. Ltd., http://scoopwhoop.com,
Screen Rant, http://screenrant.com,
Scribd, http://scribd.com,
Search Engine Journal, http://searchenginejournal.com,
Search Engine Land, http://searchengineland.com,
Sears Roebuck and Co., http://sears.com
Seeking Alpha, http://seekingalpha.com,
Seesaw Decisions Corp, http://seesaw.co,
SEMrush, http://www.semrush.com,
Sephora USA, http://sephora.com,
Server Fault, http://serverfault.com,
Sex.com, http://sex.com,
Seznam.cz, http://seznam.cz,
SFGate.com, http://sfgate.com,
SFG Media Group, http://sfglobe.com,
SFR Vodafone, http://www.sfr.fr,
Shaadi.com, http://www.shaadi.com,
ShareASale, http://shareasale.com,
Shelby.TV, http://shelby.tv,
Shine Com, http://shine.com,
Shopbop, http://shopbop.com,
ShopClues.com, http://shopclues.com,
Shopify, http://www.shopify.com,
��ǋĩ��_��ً�_���Ĥ��ċ��, http://shop-pro.jp,
ShopStyle, http://shopstyle.com,
Shutterfly Inc., http://www.shutterfly.com
Shutterstock Inc., http://www.shutterstock.com
Sierra Trading Post, http://sierratradingpost.com,
Sift Science, http://siftscience.com,
SimilarWeb, http://similarweb.com,
SimpleTuition, http://simpletuition.com,
Sina Com Technology (China) Co. LTD, http://sina.com.cn,
SiteAdvisor, http://www.siteadvisor.com,
SitePoint, http://www.sitepoint.com,
Skillshare, http://skillshare.com,
Skroutz S.A., http://skroutz.gr,
Sky.com, http://www.sky.com,
Skype, http://www.skype.com,
Skyrock, http://skyrock.com,
Skyscanner, http://skyscanner.net,
Sky Sports, http://skysports.com,
Slack, http://slack.com,
Slashdot, http://slashdot.org,
Slate, http://slate.com,
Slickdeals LLC, http://slickdeals.net
SlideShare, http://www.slideshare.net,
SmartThings, http://www.smartthings.com,
Sydney Morning Herald, http://smh.com.au,
SnagFilms Inc., http://www.snagfilms.com
Snapdeal, http://www.snapdeal.com,
Soccerway.com, http://soccerway.com,
SoFi, http://www.sofi.com,
Softonic, http://softonic.com,
Softpedia, http://softpedia.com,
Sogou, http://sogou.com,
Sohu.com Inc., http://www.sohu.com,
SolarMovie, http://solarmovie.is,
So-net Entertainment Corporation, http://so-net.ne.jp,
Songkick, http://songkick.com,
Sony Corp, http://www.sony.com,
Sony Mobile Communications in Santiago Chile, http://www.sonymobile.com
Sosh, http://sosh.com,
SoundCloud, http://soundcloud.com,
Souq.com, http://souq.com,
SourceForge.net, http://sourceforge.net,
Southwest Airlines Company, http://www.southwest.com,
Space Monkey Inc., http://spacemonkey.com
SpanishDict, http://www.SpanishDict.com,
Spankwire, http://spankwire.com,
Ookla HQ, http://speedtest.net,
Spiegel Online, http://spiegel.de,
SPORT1 GmbH, http://sport1.de,
Sports.ru, http://sports.ru,
Sports Direct International, http://sportsdirect.com,
SportsKeeda, http://www.sportskeeda.com,
Sporx, http://sporx.com,
Spotify, http://www.spotify.com,
Springer Science+Business Media, http://springer.com,
Sprint, http://www.sprint.com,
Squarespace, http://www.squarespace.com,
Sqwiggle, http://sqwiggle.com,
Stackdriver, http://www.stackdriver.com,
Stack Exchange, http://stackexchange.com,
Stack Overflow, http://stackoverflow.com,
Stanford University, http://www.stanford.edu,
Staples Inc., http://www.staples.com
Starbucks Corporation, http://www.starbucks.com,
Starwood Hotels & Resorts Worldwide Inc., http://www.starwoodhotels.com
StatCounter, http://statcounter.com,
U.S. Department of State, http://state.gov,
Steam, http://steamcommunity.com,
Valve Corp., http://steampowered.com,
Stern.de GmbH, http://stern.de,
Stipple, http://stipple.com,
StockTwits, http://stocktwits.com,
Storenvy, http://www.storenvy.com,
Strava Inc., http://www.strava.com
StubHub, http://www.stubhub.com,
StumbleUpon, http://www.stumbleupon.com,
StyleSeat, http://www.styleseat.com,
Subito.it (Schibsted Media Group), http://subito.it,
Submarino, http://submarino.com.br,
Subscene.com, http://subscene.com,
Sueddeutsche Zeitung, http://sueddeutsche.de,
SugarSync, http://www.sugarsync.com,
Sulekha.com, http://sulekha.com,
Summon (formerly InstantCab), http://www.summon.com,
SunTrust Banks Inc., http://www.suntrust.com
Super User, http://superuser.com,
SurveyMonkey, http://www.surveymonkey.com,
Swagbucks, http://www.swagbucks.com,
Swiftype, http://swiftype.com,
Switchfly Inc., http://switchfly.com
Tabnak, http://tabnak.ir,
Taboola, http://www.taboola.com,
Tagged, http://tagged.com,
Tahrirnews, http://tahrirnews.com,
Taobao Marketplace, http://taobao.com,
Target Accelerator, http://target.com,
Taringa!, http://www.taringa.net,
Toronto Dominion Bank (the), http://www.td.com,
TD Bank, http://www.tdbank.com,
TeamViewer, http://teamviewer.com,
TechCrunch, http://www.techcrunch.com,
TechRadar, http://techradar.com,
TechTarget Inc., http://www.techtarget.com
TechTudo, http://techtudo.com.br,
TED Conferences, http://www.ted.com,
TEEPR �����_�С��_, http://teepr.com,
Teespring, http://www.teespring.com,
Telecom Italia, http://telecomitalia.it,
De Telegraaf, http://telegraaf.nl,
Telegraph Media Group, http://www.telegraph.co.uk,
Deutsche Telekom AG, http://telekom.com,
TemplateMonster, http://templatemonster.com,
Terra, http://terra.com.br,
Tesco Property China, http://www.tesco.com,
TGBus - VideoBus, http://tgbus.com,
The Age, http://theage.com.au,
The Atlantic, http://theatlantic.com,
Backplane, http://thebackplane.com,
The Blaze, http://theblaze.com,
TheCHIVE, http://www.thechive.com,
The Daily Beast, http://thedailybeast.com,
The Free Dictionary, http://thefreedictionary.com,
The Globe and Mail, http://theglobeandmail.com,
The Guardian, http://www.theguardian.com,
The Hindu, http://thehindu.com,
The Kitchn, http://thekitchn.com,
TheLADbible, http://theladbible.com,
Envato Market, http://themeforest.net,
The Next Web, http://thenextweb.com,
The Onion, http://www.theonion.com,
The Verge, http://www.theverge.com,
The Weather Network / MeteoMedia, http://theweathernetwork.com,
Thrillist, http://www.thrillist.com,
Thumbtack, http://www.thumbtack.com,
Tianya, http://tianya.cn,
Ticketmaster, http://www.ticketmaster.com,
Ticket Monster Inc, http://www.ticketmonster.co.kr,
TigerDirect, http://tigerdirect.com,
Tilt, http://tilt.com,
Time, http://time.com,
Timeanddate.com, http://timeanddate.com,
Timehop, http://timehop.com,
Time out Group, http://www.timeout.com,
Time Warner Cable, http://timewarnercable.com,
Tinfoil Security, https://www.tinfoilsecurity.com,
Tinypic.com, http://tinypic.com,
TinyURL, http://tinyurl.com,
Tiscali, http://www.tiscali.it,
Tmall.com, http://tmall.com,
T-Mobile USA, http://www.t-mobile.com,
TMZ, http://tmz.com,
Tnaflix, http://tnaflix.com,
TODAY Show, http://today.com,
Tokopedia, http://www.tokopedia.com,
Tom's Guide, http://tomsguide.com,
T-Online, http://www.t-online.de,
Topix, http://www.topix.com,
TopTenREVIEWS, http://www.toptenreviews.com,
ToysRUs, http://www.toysrus.com,
Trade me, http://trademe.co.nz,
Traidnt Group, http://traidnt.net,
Transcriptic, https://www.transcriptic.com,
Travelocity, http://travelocity.com,
Trello, http://trello.com,
Tremor Video Inc., http://www.tremorvideo.com
Tribal Wars 2, http://tribalwars2.com,
Trifacta, http://trifacta.com,
TripAdvisor Inc., http://www.tripadvisor.com
Trippy, http://www.trippy.com,
Trulia Inc., http://www.trulia.com
Status, http://www.trystatus.com,
T�ĝ��_��_������T��ǋ�_���, http://tsite.jp,
Tube8Roxi, http://tube8.com,
Tube Cup, http://tubecup.com,
Tudou, http://www.tudou.com,
Tumblr, http://tumblr.com,
TuneIn, http://www.tunein.com,
Turbobit, http://turbobit.net,
Tutorialspoint, http://tutorialspoint.com,
Tutorspree, http://www.tutorspree.com,
Tuts+, http://tutsplus.com,
TV.com, http://tv.com,
TV Guide, http://tvguide.com,
Tvn24, http://tvn24.pl,
Twitch, http://www.twitch.tv,
Twitter Inc., http://twitter.com
Twoo, http://twoo.com,
Typepad, http://typepad.com,
Uber, http://www.uber.com,
Ubersense Inc., http://www.ubersense.com,
Ubuntu, http://ubuntu.com,
University of California - Los Angeles, http://ucla.edu,
uCoz Web Service, http://ucoz.com,
Udemy, http://www.udemy.com,
Voxer LLC, http://voxer.com,
Vungle, http://www.vungle.com,
Vurb, http://vurb.com,
Wanelo, http://www.wanelo.com,
Weebly, http://www.weebly.com,
One Inc., http://whatis1.com,
Wordpress, http://wordpress.com,
Work Market, http://www.workmarket.com,
WP Engine, http://wpengine.com,
Yahoo! Inc., http://www.yahoo.com,
Yieldbot, http://www.yieldbot.com,
ZEFR, http://www.zefr.com,
ZeroCater, http://ZeroCater.com,
Zoopla, http://www.zoopla.co.uk,
Zoosk, https://www.zoosk.com,
Zuora, http://www.zuora.com,
17173.com, http://17173.com,
17track, http://17track.net,
��ы�ċ⢋�_�Ġ��_(*�_ً�_�_�), http://2ch-c.net,
39 Net, http://39.net,
525j.com.cn, http://www.525j.com.cn,
888casino, http://888casino.com,
9GAG.TV, http://9gag.tv,
A10.com, http://a10.com,
ABP News, http://abplive.in,
Adslgate.com, http://adslgate.com,
Adult Adworld, http://adultadworld.com,
Akhbarak.net, http://www.akhbarak.net,
���������� ���������� �����_����, http://akhbarelyom.com,
Albawaba, http://albawabhnews.com,
�⢋�ǋĥ�����ǋĥ����Ģ�⦋�_���, http://alfalfalfa.com,
Alimama.com, http://alimama.com,
���������� ��������, http://alwafd.org,
Alyaoum24, http://alyaoum24.com,
Paul Smith, http://anysex.com,
ASCII Jp, http://ascii.jp,
Ask Ubuntu, http://askubuntu.com,
Asriran.com, http://asriran.com,
�⢋�ċ����_�⣋�_�ې��_����, http://atwiki.jp,
Bab Al Net, http://babal.net,
Babytree, http://babytree.com,
Popcorn Network, http://baomihua.com,
Battlefield, http://battlefield.com,
BioBioChile, http://biobiochile.cl,
BrainyQuote, http://www.brainyquote.com,
Bridal Tune, http://bridaltune.com,
Spiroox Media, http://brucelead.com,
BuzzFil.com, http://buzzfil.net,
Camdolls.com, http://camdolls.com,
Celebrity Tune, http://celebritytune.com,
___�___�__��._�_�_�, http://censor.net.ua,
_�_�___�_�_____���.com, http://championat.com,
ChinaSo, http://chinaso.com,
��_����_�, http://www.ci123.com,
Clickadu, http://clickadu.com,
Clicksvenue, http://clicksvenue.com,
CNMO, http://cnmo.com,
Conservative Tribune, http://conservativetribune.com,
Csgolounge, http://csgolounge.com,
Betable, http://developers.betable.com,
Drom.ru _�__��__��_�__�� ���1, http://drom.ru,
Eastmoney Information Co. Ltd., http://eastmoney.com
Ecnavi.jp (EC��_���), http://ecnavi.jp,
Wix.com, http://editor.wix.com,
eHow En Espa̱ol, http://ehowenespanol.com,
Ek��i Teknoloji A.�_, http://eksisozluk.com,
ElMawke3 News, http://elmawke3.com,
UOL Esporte, http://esporte.uol.com.br,
Face-masr.com, http://face-masr.com,
Fanhuan.com, http://fanhuan.com,
Fanpage.gr, http://fanpage.gr,
Fars News Agency, http://farsnews.com,
Fastpic Team, http://fastpic.ru,
Filmibeat.com, http://filmibeat.com,
Folha De S.Paulo, http://folha.uol.com.br,
G2G.FM, http://g2g.fm,
Gaming Wonderland, http://gamingwonderland.com,
��������ݾ����Ɍ�Ɍ�ɾС��_, http://gamme.com.tw,
Bootstrap, http://getbootstrap.com,
GIGAZINE(�⨋����_), http://gigazine.net,
GMX, http://gmx.net,
GSMArena, http://gsmarena.com,
���_�����Ћ�_��, http://hatenablog.com,
HD Zog, http://hdzog.com,
HelloU, http://hellou.co.uk,
������_ �௤�_ ��������, http://hihi2.com,
Kaibu222@��ǋ�_������2��Ћ�_��ch, http://himasoku.com,
�⻋�_��_��_��ʎ�ٌʱ, http://jin115.com,
Jqw Plc, http://jqw.com,
KickassTorrents, http://katproxy.com,
�����������㯤���� KhabarOnline, http://khabaronline.ir,
Kompasiana, http://kompasiana.com,
Layalina.com, http://layalina.com,
League of Legends, http://leagueoflegends.com,
LifeNews, http://lifenews.ru,
LikeMag, http://likemag.com,
LOLWOT, http://lolwot.com,
Lottery Post, http://lotterypost.com,
Mama, http://mama.cn,
Manga Fox, http://mangafox.me,
MangaHere, http://mangahere.co,
Maybank Group Customer Care, http://www.maybank2u.com.my,
Meteo France, http://meteofrance.com,
Mileroticos, http://mileroticos.com,
Misr5, http://misr5.com,
Counter Logic Gaming, http://moba-stream.com,
Mobtada, http://mobtada.com,
MyLust, http://mylust.com,
B��o ��i���n T��_ Ng���ȝi ����a Tin, http://nguoiduatin.vn,
Nguy���n T���n D��ng, http://nguyentandung.org,
�Ѵ��_��_�ĝ��_���, http://nikkansports.com,
�������� �ɯ����_��, http://nmisr.com,
Ouedkniss, http://ouedkniss.com,
Oyun Skor, http://oyunskor.com,
_�_�_�_�_���!, http://pikabu.ru,
PopCash.net, http://popcash.net,
PopMyAds, http://popmyads.com,
(��_)�_���Γ�_��_����_ۓ�����, http://ppomppu.co.kr,
PPSTREAM INC, http://ppstream.com
The Punch Newspapers, http://punchng.com,
Purdue University, http://www.purdue.edu,
RePelis, http://repelis.tv,
Rojadirecta, http://rojadirecta.me,
�ӣ��΋�܋Ĵ��_��_, http://sankei.com,
���������� �_�_���_ �������_���_�_, http://sedty.com,
Ilivid Downloader, http://sharelive.net,
Shufoo!�_����Ĵ�ĥ��_�_�ā�ĩ���ĝ��_������, http://shufoo.net,
Rewind.Me, http://site.rewind.me,
Slimspots, http://slimspots.com,
Șzc�_ Gazetesi, http://sozcu.com.tr,
Sports747.com, http://sports747.com,
Suara Dot COM, http://suara.com,
Jenna Sweet, http://sunporno.com,
���������ǋ���⍋��, http://syosetu.com,
Teknoter, http://teknoter.com,
_�_�_�_�__��_���, http://telegraf.com.ua,
ThisAV.com, http://thisav.com,
Travel Tune, http://traveltune.com,
Tribun Group of Regional Newspaper - Kompas Gramedia, http://tribunnews.com,
013 Netvision, http://013netvision.net.il,
040Hosting, http://040hosting.eu,
123ContactForm, http://www.123contactform.com,
161MEDIA, http://clickdistrict.com,
Bitrix Inc., http://bitrixsoft.com
1ShoppingCart.com, http://1shoppingcart.com,
1World Online, http://1worldonline.com,
247 Inc, http://247-inc.com,
33Across Inc., http://www.33across.com,
4D Data Centres, http://4d-dc.com,
iPerceptions, http://www.iperceptions.com,
A Small Orange, http://www.asmallorange.com,
A1WebStats, http://a1webstats.com,
A8.net, http://a8.net,
AAPT, http://aapt.com.au,
AB Tasty, https://www.abtasty.com,
AbleCommerce Team, http://ablecommerce.com,
Above.com, http://above.com,
Accuen, http://www.accuenmedia.com,
Acens, http://www.acens.com,
Acquisio, http://acquisio.com,
Act-On Software, http://www.actonsoftware.com,
Act-On Software Inc., http://act-on.com
ActBlue, http://actblue.com,
ActiveServers Inc., http://activeservers.com
ActiveTrail, http://activetrail.com,
AcuityAds Inc, http://www.acuityads.com,
Acxiom Corporation, http://www.acxiom.com,
Acyba, http://acyba.com,
Ad Dynamo, http://addynamo.com,
AdReady, http://adready.com,
Ad2games, http://ad2games.com,
Adap.tv, http://www.adap.tv,
Adblade, http://adblade.com,
AdBrite (shutdown 2013), http://adbrite.com,
AdChina, http://adchina.com,
Adcloud, http://adcloud.com,
Adconion Media Group, http://www.adconion.com,
AddToAny, http://addtoany.com,
AddShoppers, http://www.addshoppers.com,
AddThisEvent, http://addthisevent.com,
Adestra, http://adestra.com,
AdExcite, http://adexcite.com,
AdExtent, http://adextent.com,
Adform, http://adform.com,
AdFox, http://adfox.ru,
AdGear, http://adgear.com,
Adhood, http://adhood.com,
TierPoint, http://tierpoint.com,
Adinfinity, http://adinfinity.com.au,
ADITION Technologies AG, http://www.adition.com,
AdJuggler Inc, http://www.adjuggler.com,
Adk2, http://adk2.com,
Adknowledge, http://adknowledge.com,
Adloox, http://adloox.com,
AdMarvel, http://www.admarvel.com,
Admedia, http://admedia.com,
AdMeld, http://www.admeld.com,
Admeta A WideOrbit Company, http://www.admeta.com
Admicro, http://admicro.vn,
Admo.net Managed Hosting, http://admo.net,
ADNOLOGIES GmbH, http://www.adnologies.com/index.php,
Business Catalyst, http://businesscatalyst.com,
Scene7, http://scene7.com,
Adometry by Google, http://www.adometry.com,
Adorika, http://adorika.com,
AdoTube an Exponential Division, http://www.adotube.com
AdRiver, http://adriver.ru,
AdRoll, http://adroll.com,
WordPress, http://wordpress.org,
Adscale GmbH, http://www.adscale.de,
AdServerPub, http://adserverpub.com,
AdsNative, http://www.adsnative.com,
AdSupply Inc., http://adsupply.com
AdTaily, http://www.adtaily.com,
ADTECH Adserver, http://adtech.de,
Adtegrity, http://adtegrity.com,
Adthink, http://adthink-media.com,
AdTiger, http://adtiger.de,
AdTruth, http://adtruth.com,
Adult Webmaster Empire, http://awempire.com,
Advertise.com, http://advertise.com,
Advertising.com A Division of AOL Platforms, http://www.advertising.com
Advert Stream, http://advertstream.com,
AdXpansion, http://adxpansion.com,
Adyen, http://www.adyen.com,
Adyoulike, http://www.adyoulike.com,
Adzerk, http://adzerk.com,
Affectv, http://www.affectv.co.uk,
Affiliate Window, http://affiliatewindow.com,
Affilinet, http://affili.net,
Neustar Inc., http://www.neustar.biz
AgilOne, http://www.agilone.com,
Airbrake Bug Tracker, http://airbrake.io,
Akamai Technologies Inc., http://www.akamai.com
Alchemy Communications Inc., http://alchemy.net
Alexa Internet, http://alexa.com,
Algolia, http://www.algolia.com,
Allied Telecom Group, http://alliedtelecom.net,
Allstream, http://allstream.com,
Allyes, http://www.allyes.com,
Alternative Networks Plc, http://www.alternativenetworks.com,
Altocloud, http://altocloud.com,
AltusHost B.V., http://altushost.com,
Amazon Web Services, http://aws.amazon.com,
amCharts, http://amcharts.com,
American Internet Services (AIS), http://americanis.net,
Amplitude, https://amplitude.com,
Anchor Hosting, http://anchor.com.au,
AngularJS, http://angularjs.org,
Animoto, http://animoto.com,
Apester (Qmerce), http://apester.com,
Aplus.Net, http://www.aplus.net,
AppNexus, http://www.appnexus.com,
AppRiver, http://appriver.com,
AppTap, http://www.apptap.com,
Apptix, http://apptix.com,
Apture, http://apture.com,
Esri, http://esri.com,
Are you A Human, http://areyouahuman.com,
Arktan Inc., http://arktan.com
Arsys, http://arsys.es,
Artfiles GmbH, http://artfiles.de,
Artisteer, http://artisteer.com,
Aruba S.p.A., http://aruba.it,
Arvixe, http://arvixe.com,
Ascio Technologies, http://www.ascio.com,
The ASP.NET Team, http://asp.net,
AspDotNetStorefront, http://aspdotnetstorefront.com,
At Internet, http://atinternet.com,
Atex, http://atex.com,
Atlantic Metro Communications, http://www.atlanticmetro.net,
Atlas Solutions Advertiser Suite, http://atlassolutions.com,
Atlassian, https://www.atlassian.com,
ATTRAQT Limited, http://attraqt.com,
AudienceScience�, http://revenuescience.com,
Authorize.Net, http://www.authorize.net,
Autopilot (formerly Bislr), https://autopilothq.com,
Avactis, http://avactis.com,
Avangate, http://www.avangate.com,
AvantLink, http://avantlink.com,
Aviary, http://aviary.com,
AWStats, http://awstats.sourceforge.net,
Azalead, http://www.azalead.com,
Badgeville, http://badgeville.com,
Bahnhof AB, http://bahnhof.se,
Barilliance, http://www.barilliance.com,
Barracuda Networks Inc., http://www.barracuda.com
Baynote, http://baynote.com,
Bazaarvoice Inc., http://www.bazaarvoice.com
bbPress, http://bbpress.org,
Beanfield Metroconnect, http://beanfield.com,
Beanstock Media Inc., http://BeanstockMedia.com
Beetailer, http://www.beetailer.com,
Begun, http://begun.ru,
Bell, http://bell.ca,
Bezeq International, http://bezeqint.net,
BidTellect - Native Intelligence, http://bidtellect.com,
F5 Networks Inc., http://www.f5.com
Bigcommerce, http://www.bigcommerce.com,
BigDoor Inc., http://bigdoor.com,
Bill me Later, http://www.billmelater.com,
Binero AB, http://binero.se,
Birch Communications, http://www.birch.com,
BitGravity, http://bitgravity.com,
LongTail Video, http://www.longtailvideo.com,
Bizible, http://bizible.com,
Bizo, http://www.bizo.com,
BizRate, http://www.bizrate.com,
Black Lotus Communications, http://blacklotus.net,
BlackMesh, http://blackmesh.com,
Blogads.com, http://blogads.com,
BlogTalkRadio, http://www.blogtalkradio.com,
BloomReach, http://www.bloomreach.com,
Blue Box, http://bluebox.net,
BlueLithium, http://www.bluelithium.com,
BlueCava, http://www.bluecava.com,
TriggerMail, http://www.triggermail.io,
Bluefish, http://bluefish.openoffice.nl,
BlueHornet A Digital River Company, http://www.bluehornet.com
BlueKai, http://www.bluekai.com,
Blueknow, http://blueknow.com,
Bluestreak, http://www.bluestreak.com,
BlueTie Inc., http://bluetie.com
Boo-box, http://boo-box.com,
Bookatable, http://bookatable.com,
Boomtrain, http://boomtrain.com,
Borderfree Inc., http://www.borderfree.com
Bounce Exchange��, http://bounceexchange.com,
Bounce.io, http://bounce.io,
BrainSINS, http://www.brainsins.com,
Braintree, http://braintreepayments.com,
Brandscreen, http://brandscreen.com,
Bravenet Web Services, http://bravenet.com,
Brightcove Inc., http://www.brightcove.com,
BrightEdge, http://www.brightedge.com,
BrightTALK, http://www.brighttalk.com,
Brilig, http://www.brilig.com,
Bronto Software, http://bronto.com,
Brow.si, https://brow.si,
BT Business, http://business.bt.com,
BTBuckets.com, http://btbuckets.com,
Buddy Media, http://buddymedia.com,
Buddy Press, http://buddypress.org,
Buffer, http://bufferapp.com,
BugHerd Pty Ltd, http://bugherd.com,
BugMuncher, http://bugmuncher.com,
Bugsnag, https://bugsnag.com,
Bulletproof Group Limited, http://www.bulletproof.net.au,
Bunchball, http://www.bunchball.com,
WoltLab GmbH, http://woltlab.com,
Burst Media, http://www.burstmedia.com,
Buuteeq�� Inc., http://www.buuteeq.com,
BuySellAds, http://buysellads.com,
Buysight Inc., http://buysight.com
Buzzoola, http://www.buzzoola.com,
Bytemark Hosting, http://bytemark.co.uk,
C3 Metrics, http://c3metrics.com,
C7 Data Centers, http://www.c7dc.com,
CacheFly, http://cachefly.com,
D K Production, http://cackle.me,
CakePHP Framework, http://cakephp.org,
LeadFormix, http://www.leadformix.com,
Calltracks, http://calltracks.com,
Campaigner Email Marketing, http://campaigner.com,
Campanja, http://www.campanja.com,
CANDDi, http://www.canddi.com,
Captora, http://www.captora.com,
E-planning, http://e-planning.net,
Cargo Collective, http://cargocollective.com,
Carpathia, http://carpathiahosting.com,
CartoDB, http://www.cartodb.com,
Castfire, http://castfire.com,
CCBill, http://ccbill.com,
CDmon, http://cdmon.com,
CDN77.com, http://www.cdn77.com,
CDNetworks, http://cdnetworks.com,
CDS Global Inc., http://cds-global.com
Cedexis, http://cedexis.com,
Celebrus Technologies, http://www.celebrus.com,
Celery, https://www.trycelery.com,
CentOS, http://centos.org,
Central Host, http://centralhost.com,
Centro, http://centro.net,
CenturyLink, http://www.centurylink.com,
Certona, http://www.certona.com,
Chamilo Association, http://chamilo.org,
Chango, http://www.chango.com,
Channel Intelligence, http://channelintelligence.com,
ChannelAdvisor Corporation, http://www.channeladvisor.com,
Chaordic, http://chaordic.com.br,
Charter Communications Inc., http://www.charter.com
CheckM8, http://checkm8.com,
Experian, http://www.experian.com,
Chevereto, http://chevereto.com,
ChinaCache, http://www.chinacache.com,
ChinaNetCenter, http://chinanetcenter.com,
Chitika Inc., http://www.chitika.com
ChoiceStream, http://www.choicestream.com,
Choopa LLC, http://choopa.com
CIFNet, http://cifnet.com,
Citrix Systems Inc., http://www.citrix.com
City Network Hosting, http://www.citynetwork.se,
CKEditor, http://fckeditor.net,
Claranet Ltd, http://www.claranet.co.uk,
Clear Channel Mumbai Private Limited, http://www.clearchannel.com,
ClearSlide, http://clearslide.com,
CleverReach, http://cleverreach.com,
Clickbooth, http://clickbooth.com,
ClickDesk, http://www.clickdesk.com,
ClickDimensions, http://clickdimensions.com,
Clicksor.com, http://clicksor.com,
ClickTale, http://www.clicktale.com,
Clicky Web Analytics, http://getclicky.com,
CloudAccess.net, http://cloudaccess.net,
Cloudinary, http://cloudinary.com,
SoftLayer an IBM Company, http://softlayer.com
CloudMade, http://www.cloudmade.com,
Cloud DNS Ltd (cloudns.net), http://cloudns.net,
CloudSponge, http://www.cloudsponge.com,
ClustrMaps, http://clustrmaps.com,
CMSMS CMS-Made-Simple, http://cmsmadesimple.org,
CO2Stats, http://co2stats.com,
Cobalt, http://cobalt.com,
Codemirror, http://codemirror.net,
Codero Hosting, http://www.codero.com,
CoffeeCup Software, http://coffeecup.com,
Cognesia, http://www.cognesia.com,
Collective, http://collective.com,
Colo4, http://colo4.com,
ColoSpace Inc., http://colospace.com
Colt Technology Services, http://colt.net,
Comedy Central, http://comedycentral.com,
Comm100 Network Corporation, http://comm100.com,
Commerce Sciences, http://commercesciences.com,
Commtouch, http://www.commtouch.com,
Communicator Corp, http://communicatorcorp.com,
ComodoSSLStore, http://comodosslstore.com,
Comodo, http://comodo.com,
Compete Inc., http://compete.com
CWCS Managed Hosting, http://cwcs.co.uk,
ComScore Inc., http://www.comscore.com
Comvive, http://comvive.es,
Concrete Cms, http://concrete5.org,
Confirmit, http://confirmit.com,
Connecto, http://www.connecto.io,
Connectria Hosting, http://connectria.com,
Connexity Inc., http://www.connexity.com
ContactLab, http://contactlab.com,
ContactMe - Easy Contact Tabs for your Fanpage, http://contactme.com,
Content.ad, http://content.ad,
Content Square, http://www.content-square.fr,
ContentClick, http://contentclick.co.uk,
Content.ly, http://www.contently.com,
ContextWeb, http://www.contextweb.com,
Conversen, http://www.conversen.com,
Convert, http://www.convert.com,
Convertro, http://www.convertro.com,
Conviva, http://www.conviva.com,
Copiny, http://copiny.com,
CoralCDN, http://coralcdn.org,
Core Audience, http://coreaudience.com,
CoreMedia, http://coremedia.com,
Coremetrics, http://www.coremetrics.com,
CoreMotives, http://coremotives.com,
Cosentry, http://cosentry.com,
Coveo, http://www.coveo.com,
CPALead, http://cpalead.com,
cPanel, http://cpanel.net,
CPMStar, http://cpmstar.com,
CPX Interactive, http://www.cpxinteractive.com,
CQuotient, http://www.cquotient.com,
Crakmedia, http://crakmedia.com,
Cratejoy, http://www.cratejoy.com,
Crazy Egg, http://crazyegg.com,
Crimtan, http://crimtan.com,
CritSend, http://www.critsend.com,
Crowdynews, http://crowdynews.com,
Crucial Cloud Hosting, http://www.crucial.com.au,
CrunchBoard, http://www.crunchboard.com,
_�S-Cart, http://cs-cart.com,
Corporation Service Company, http://cscglobal.com,
Cuelinks, http://cuelinks.com,
Curalate, http://curalate.com,
Customer.io, http://customer.io,
Cxense, http://cxense.com,
CyberWurx Web Hosting, http://cyberwurx.com,
Cybercon, http://cybercon.com,
Verizon Enterprise Solutions, http://verizonenterprise.com,
Cyberverse Inc., http://cyberverse.com
D3js, http://d3js.org,
Dada, http://dada.eu,
Data Foundry, http://datafoundry.com,
Datacenter Luxembourg, http://datacenter.eu,
Datacom Southeast Asia (M) Sdn Bhd, http://datacom.com.au,
Datagram, http://datagram.com,
Datalicious Pty Ltd, http://datalicious.com,
Supertag Pty Ltd, http://supertag.datalicious.com,
Datalogix, http://datalogix.com,
Datapipe, http://www.datapipe.com,
Datawrapper, http://datawrapper.de,
AlmondNet, http://www.almondnet.com,
DC74 Data Centers, http://dc74.com,
Debian, http://debian.org,
Decibel Insight, https://www.decibelinsight.com,
Dedicated Media, http://www.dedicatedmedia.com,
Defense.Net Inc, http://defense.net
Demandbase, http://www.demandbase.com,
Demandforce, http://www.demandforce.com,
Demdex, http://demdex.com,
Deutsche Telekom AG, http://t-mobile.net,
DevExpress, http://devexpress.com,
Dianomi, http://dianomi.com,
DigiCert Inc., http://digicert.com
Digilant, http://digilant.com,
Digital Pacific, http://digitalpacific.com.au,
Digital River Inc., http://www.digitalriver.com
Dinahosting, http://dinahosting.com,
Directnic.com, http://directnic.com,
DirectSpace Networks, http://directspace.net,
Discourse, http://discourse.org,
Kangsheng Chuangxiang, http://www.comsenz.com,
Distil Networks, http://www.distilnetworks.com,
District M, http://districtm.ca,
DivShare, http://www.divshare.com,
DNN Corp, http://dnnsoftware.com,
DNS Made Easy, http://dnsmadeeasy.com,
DNSPod, http://dnspod.com,
DNSimple, http://dnsimple.com,
Docstoc, http://www.docstoc.com,
Dogado, http://dogado.de,
Dojo Toolkit, http://dojotoolkit.org,
Splitbrain, http://splitbrain.org,
Domainmonster.com, http://domainmonster.com,
Doofinder, http://www.doofinder.com,
DOSarrest Internet Security, http://dosarrest.com,
DotCMS, http://dotcms.com,
Dotomi, http://www.dotomi.com,
DoubleVerify, http://www.doubleverify.com,
Drawbridge Inc., http://www.drawbrid.ge
DreamHost, http://www.dreamhost.com,
Media6degrees, http://media6degrees.com,
DtDNS, http://dtdns.com,
Duda, http://www.dudamobile.com,
Dwolla, http://www.dwolla.com,
Dyn, http://dyn.com,
DynAdmic, http://www.dynadmic.com,
Dynadot, http://dynadot.com,
Dynamic Yield, http://www.dynamicyield.com,
Dynatrace, http://dynatrace.com,
E-Junkie, http://e-junkie.com,
EarthLink, http://earthlinkbusiness.com,
Easy2 is Now Webcollage an Answers Solution, http://easy2.com
EasyDNS, http://easydns.com,
eBay Commerce Network, http://ebaycommercenetwork.com,
eBay Enterprise, http://ebayenterprise.com,
eCarList, http://ecarlist.com,
eDigitalResearch, http://ecustomeropinions.com,
Ecwid, http://ecwid.com,
EdgeCast Networks, http://www.edgecast.com,
EditPlus, http://editplus.com,
Effective Measure, http://www.effectivemeasure.com,
eGain Corporation, http://www.egain.com,
eKomi Ltd. Www.ekomi.de, http://www.ekomi.co.uk,
Ektron an EPiServer Company, http://www.ektron.com
Elastic Email, http://elasticemail.com,
Elastic Path Software, http://www.elasticpath.com,
Eloqua, http://www.eloqua.com,
Emarsys, http://emarsys.com,
Embedly, http://embed.ly,
EmberJS, http://emberjs.com,
Emma, http://myemma.com,
Enecto, http://enecto.com,
Energy Group Networks, http://egihosting.com,
Engage:BDR, http://engagebdr.com,
Engageya, http://engageya.com,
eNom, http://www.enom.com,
Ensighten, http://ensighten.com,
EntrustSSL, http://entrust.net,
Epsilon, http://www.epsilon.com,
EQ Works, http://eqads.com,
Equinix Inc., http://www.equinix.com
Expedient Data Centers, http://expedient.com,
Index Exchange, http://indexexchange.com,
Marketo Inc., http://www.marketo.com
Adsmarket, http://www.adsmarket.com,
Endeca, http://endeca.com,
QuestBack, http://questback.com,
DC Storm Limited, http://dc-storm.com,
Talkable, http://www.talkable.com,
TapInfluence, http://tapinfluence.com,
Typekit, http://www.typekit.com,
Xaxis, http://xaxis.com,
YuMe Inc., http://www.yume.com
Zayo Group, http://zayo.com,
Codeplex, http://adgallery.codeplex.com,
Christophe, http://addfreestats.com,
Add2Net, http://add2net.com,
Adingo, http://adingo.jp,
Adman, http://adman.gr,
Adobe Target, http://adobe-target.com,
AdVantShop.NET, http://advantshop.com,
Adverticum Zrt., http://adverticum.net,
Renegade Internet, http://advertpro.com,
Renegade Internet, http://advertserve.com,
Fabien Doiron, http://fabien-d.github.io,
AlibabaHost, http://alibabahost.com,
Amazon Payments, http://payments.amazon.com,
AmazonAssociates, http://widgets.amazon.com,
Malcolm Riddoch, http://an-archos.com,
AOL on, http://on.aol.com,
Apache TrafficServer, http://trafficserver.apache.org,
Appleseed, http://appleseedapp.com,
Arsys, http://arsys.net,
The ASP.NET Team, http://ajax.asp.net,
AT&T Small Business, http://webhosting.att.com,
AudienceRate Ltd, http://www.audiencerate.com,
Axinom, http://axcms.net,
Batanga Network, http://batanganetwork.com,
BreezeJS, http://breezejs.com,
Bumerang, http://bumerang.hurriyet.com.tr,
Steven Wanderski, http://bxslider.com,
CanJS, http://canjs.us,
Captify, http://captifymedia.com,
Carbon Ads, http://carbonads.net,
ESONO AG, http://chameleon-system.de,
Cherokee Project, http://cherokee-project.com,
China Telcom, http://en.chinatelecom.com.cn,
China Unicom, http://eng.chinaunicom.com,
Code Flavors, http://codeflavors.com,
CodeIgniter, http://codeigniter.com,
Codeplex, http://combres.codeplex.com,
Vignette, http://buildwithcraft.com,
Crowd Ignite, http://get.crowdignite.com,
Django, http://djangoproject.com,
Econda, http://econda.com,
iBILLBOARD, http://ibillboard.com,
Millward Brown Digital, http://millwardbrowndigital.com,
Aftonbladet, http://aftonbladet.se,
Cleartrip, http://www.cleartrip.com,
